acc_X,acc_Y,acc_Z,gyro_X,gyro_Y,gyro_Z
-377,148,5315,118,597,-286
-396,18,5581,121,625,-253
-304,398,5673,141,703,-211
-346,483,5446,145,803,-247
-423,144,5212,169,874,-294
-464,49,5068,201,925,-280
-519,233,4822,211,975,-254
-567,347,4567,204,1007,-257
-641,181,4393,210,1019,-277
-682,255,4326,230,1018,-263
-650,453,4338,245,1025,-260
-729,246,4227,227,1052,-288
-769,231,4028,249,1064,-279
-795,283,3947,272,1061,-275
-823,207,3844,288,1063,-280
-833,221,3740,290,1058,-272
-862,279,3622,275,1044,-267
-889,243,3505,262,1017,-273
-910,99,3451,250,983,-277
-904,40,3471,241,952,-262
-921,48,3372,232,933,-241
-943,153,3303,235,898,-228
-937,177,3394,242,859,-240
-969,-56,3370,236,847,-254
-1044,15,3043,262,810,-209
-1098,-71,2926,264,750,-210
-1133,-76,2982,267,684,-191
-1149,18,3007,268,636,-163
-1158,118,2936,250,593,-150
-1166,75,2975,226,537,-145
-1125,79,3243,212,488,-132
-1113,137,3262,194,488,-117
-1160,103,3003,174,489,-113
-1175,112,2894,171,442,-105
-1197,59,2884,168,391,-98
-1200,96,2851,162,347,-75
-1200,96,2851,162,347,-75
-1216,187,2732,148,308,-58
-1251,177,2597,141,258,-53
-1270,251,2378,149,198,-42
-1314,300,2215,144,117,-42
-1352,221,2226,123,18,-39
-1340,341,2273,118,-67,-12
-1310,460,2407,107,-145,-5
-1316,532,2448,90,-201,-3
-1318,769,2388,89,-257,0
-1299,854,2510,94,-332,-30
-1260,867,2695,94,-392,-58
-1246,1054,2542,100,-428,-80
-1244,972,2488,79,-506,-127
-1191,849,2717,59,-596,-155
-1134,1017,2804,38,-649,-165
-1153,1078,2821,0,-696,-211
-1100,971,3039,8,-802,-274
-1043,974,3168,-20,-830,-303
-1046,883,3013,-60,-839,-334
-1021,687,3109,-78,-888,-363
-948,576,3400,-89,-923,-367
-917,605,3381,-124,-909,-357
-769,1058,3555,-216,-903,-370
-692,1538,3568,-407,-800,-535
-1003,43,2832,-507,-777,-695
-911,4,3326,-367,-966,-602
-863,73,3212,-213,-1111,-552
-620,-53,4394,-130,-1219,-484
-606,675,4319,-150,-1048,-410
-729,1390,3703,-239,-953,-488
-698,380,3481,-265,-1096,-740
-689,-378,4348,-198,-1161,-688
-807,75,3649,-180,-1075,-577
-719,153,3708,-131,-1156,-551
-644,331,3994,-63,-1205,-537
-563,151,4265,-12,-1234,-551
-415,334,4637,-12,-1165,-509
-426,344,4649,-33,-1128,-522
-390,400,4737,-24,-1120,-546
-296,117,5026,-35,-1109,-578
-296,14,5043,-64,-1020,-548
-284,17,4879,-84,-961,-535
-212,-24,5085,-95,-943,-534
-195,-57,5224,-89,-876,-526
-170,-66,5284,-72,-807,-517
-174,7,5139,-66,-732,-518
-132,44,4956,-65,-694,-535
-81,-29,5072,-66,-672,-552
-147,-69,4844,-78,-603,-549
-156,-105,4721,-83,-584,-549
-160,-165,4818,-84,-575,-550
-104,-159,4820,-84,-544,-550
-106,-287,4871,-98,-498,-546
-90,-363,4769,-86,-446,-521
-37,-422,4883,-97,-407,-488
0,-402,4856,-118,-339,-448
20,-190,4640,-135,-276,-421
21,-327,4506,-167,-245,-439
-23,-713,4427,-141,-229,-445
-22,-912,4437,-110,-219,-388
38,-731,4506,-101,-193,-297
48,-553,4341,-116,-153,-251
35,-916,4369,-129,-137,-233
69,-1096,4577,-96,-113,-151
104,-831,4350,-61,-46,-43
121,-856,4228,-36,-30,3
170,-1055,4529,-7,-29,56
168,-809,4378,2,31,142
80,-741,3964,-7,62,177
35,-970,3932,13,25,203
34,-842,3943,50,-26,326
35,-914,4052,57,-45,374
57,-846,4127,68,-44,442
59,-837,4160,63,-35,496
75,-712,4136,75,-17,556
103,-532,4083,95,-5,595
94,-603,4184,109,-2,608
142,-451,4201,135,20,642
67,-413,3979,161,48,663
83,-410,3993,189,13,690
148,-289,4153,191,-9,729
167,-235,4137,190,1,752
219,-209,4237,194,5,770
274,-61,4165,202,30,790
245,-185,3933,199,51,785
251,-334,3977,209,32,801
275,-310,3960,217,28,851
301,-233,4034,246,27,897
345,3,4015,250,40,939
342,350,3898,261,56,946
310,406,3741,279,54,910
323,339,3837,268,16,883
328,327,3883,248,5,878
318,322,3892,201,0,886
333,425,4001,179,-2,899
319,923,3652,189,-15,872
315,992,3734,181,-54,806
305,994,3787,150,-73,749
296,839,3877,128,-87,700
356,867,4081,129,-99,689
466,1117,4252,128,-82,670
498,1124,4295,101,-49,610
511,1063,4254,75,-19,553
507,1002,4233,58,-2,501
472,829,4249,50,10,458
461,931,4196,50,24,442
433,1161,4074,42,37,403
338,1122,3913,30,32,332
317,1049,3891,34,1,274
333,939,4166,51,-32,224
358,870,4335,57,-14,191
363,961,4111,47,30,165
352,962,3899,50,21,110
372,710,4177,43,-22,48
422,612,4434,21,-13,42
408,701,4282,6,30,44
421,650,4287,-4,30,9
394,505,4330,-33,40,-15
311,373,4124,-68,75,-4
278,338,4056,-63,62,11
294,424,4228,-41,40,18
325,702,4377,-61,49,14
273,877,4267,-74,68,-37
226,772,4063,-44,61,-104
247,544,4198,-44,7,-157
223,271,4418,-84,-11,-158
260,299,4485,-105,10,-105
254,496,4414,-98,56,-76
276,626,4492,-25,69,-112
209,14,4274,-61,144,-137
182,64,4163,-89,150,-90
181,-17,4193,-79,147,-60
193,31,4128,-39,157,-25
193,31,4128,-39,157,-25
179,147,4010,-7,157,-13
147,126,3921,-6,139,-21
143,60,3852,-13,114,-17
108,40,3868,-18,82,1
143,142,4063,-12,51,21
154,291,4141,-12,58,30
138,362,4009,7,70,12
114,174,4041,14,43,-10
111,281,3942,-16,41,7
103,300,3928,-28,20,4
115,223,4081,-19,2,-2
137,241,4115,-13,11,0
144,236,4062,-18,25,-1
136,262,3985,-17,27,-4
151,211,4043,-17,16,-12
149,101,4081,-20,15,-8
131,124,4020,-22,17,9
114,197,3961,-35,10,19
101,185,3946,-37,-4,19
136,202,4047,-19,-25,24
165,284,4156,-11,-28,26
180,311,4193,-7,-17,16
173,320,4167,0,-5,7
158,321,4118,5,0,0
160,285,4166,4,-4,-5
154,307,4146,0,1,-6
135,284,4027,-1,3,-13
132,216,4102,-9,-12,-17
150,184,4178,-20,-7,-7


206,482,5594,22,605,-184
98,468,5307,1,688,-196
-51,523,4816,9,773,-232
-107,455,4718,34,781,-259
-110,375,4793,65,785,-271
-106,441,4764,82,811,-267
-116,460,4735,79,836,-282
-167,430,4696,79,863,-302
-207,409,4577,94,889,-319
-232,329,4525,111,904,-333
-255,267,4495,133,918,-337
-292,312,4427,146,935,-330
-314,435,4297,140,952,-332
-314,435,4297,140,952,-332
-386,283,4150,123,957,-358
-444,94,4098,131,950,-359
-466,159,3968,152,947,-334
-487,169,3947,155,934,-328
-487,144,3952,141,929,-321
-536,69,3838,119,937,-314
-568,62,3684,105,930,-295
-618,88,3481,117,907,-290
-710,-90,3473,148,821,-278
-718,-10,3516,149,787,-250
-738,-49,3576,135,770,-239
-771,-94,3539,125,765,-223
-808,15,3330,136,763,-202
-858,73,3086,158,729,-210
-912,-148,3127,187,658,-223
-871,-34,3357,175,606,-182
-910,125,3185,148,601,-165
-931,118,3060,127,557,-171
-931,86,3090,132,500,-180
-965,-39,3029,128,455,-178
-957,0,3048,118,398,-150
-931,-2,3230,76,352,-131
-929,-50,3271,33,343,-107
-931,222,3118,48,340,-83
-960,326,2906,42,318,-98
-1008,106,2755,35,270,-123
-1002,113,2695,40,204,-108
-998,197,2614,33,139,-96
-1010,144,2608,14,72,-97
-1018,86,2575,6,10,-89
-1010,147,2650,7,-55,-70
-1020,169,2740,6,-104,-60
-1028,227,2695,1,-138,-44
-1034,313,2651,-14,-185,-29
-1023,501,2609,-29,-243,-18
-1012,666,2593,-37,-310,-34
-996,619,2697,-49,-388,-67
-974,698,2739,-48,-456,-89
-945,598,3018,-70,-586,-152
-878,703,3215,-67,-631,-156
-841,875,3242,-67,-648,-176
-827,831,3268,-69,-674,-223
-805,769,3323,-81,-700,-252
-784,805,3186,-94,-716,-271
-784,805,3186,-94,-716,-271
-715,790,3348,-112,-810,-332
-663,839,3273,-123,-826,-360
-631,800,3161,-125,-863,-403
-593,676,3160,-126,-924,-444
-574,496,3317,-138,-973,-454
-440,546,3535,-126,-1052,-472
-356,504,3955,-129,-1072,-487
-321,789,3846,-136,-1037,-500
-340,445,3670,-167,-1051,-560
-212,275,4236,-193,-1108,-534
-160,416,4249,-222,-1048,-523
-245,226,4100,-209,-1011,-556
-206,456,4032,-147,-1023,-555
-192,473,4162,-137,-1024,-588
-253,312,4041,-157,-1006,-618
-239,427,4083,-156,-1024,-619
-192,608,4134,-162,-1034,-647
-180,376,4240,-203,-1031,-695
-177,318,4097,-212,-1032,-704
0,194,4210,-204,-1087,-731
182,-23,5017,-224,-1105,-725
221,-69,5209,-254,-993,-715
265,-312,5230,-263,-898,-704
328,-149,5207,-232,-791,-674
239,-191,4768,-221,-696,-690
335,-796,4884,-210,-730,-700
277,-1039,4974,-234,-659,-625
244,-726,4718,-205,-602,-546
252,-525,4496,-209,-592,-544
205,-948,4633,-201,-589,-567
157,-952,4481,-165,-559,-504
192,-822,4402,-154,-568,-452
214,-976,4535,-171,-590,-415
364,-833,4856,-176,-593,-339
394,-683,4995,-168,-531,-310
349,-974,5053,-118,-460,-312
391,-1235,5200,-75,-391,-263
459,-1208,5219,-68,-295,-180
413,-1371,5195,-73,-202,-116
422,-1411,5141,-59,-126,-33
415,-1270,4949,-31,-53,41
370,-1421,4883,-4,-6,77
371,-1587,4930,40,36,137
332,-1656,4691,72,97,216
309,-1866,4519,83,119,289
328,-2034,4542,102,131,391
350,-1925,4283,148,157,509
384,-1802,4171,203,147,608
382,-1653,4197,232,145,709
385,-1503,4032,241,151,797
402,-1399,4043,252,137,868
397,-1241,3885,270,142,943
384,-910,3648,288,129,1016
435,-573,3696,306,97,1033
295,-685,3544,316,90,1043
373,-79,3595,365,32,1107
400,60,3801,354,5,1061
344,-265,3844,325,8,1045
414,239,3837,350,5,1101
447,583,3867,327,3,1078
420,485,3986,312,4,1018
486,521,4102,328,20,993
520,608,4062,305,46,978
557,684,4028,264,53,959
598,791,4055,222,45,935
627,781,4139,188,41,891
603,609,4184,173,50,849
638,622,4307,167,59,844
633,893,4205,133,92,842
611,1068,4168,88,102,798
571,995,4093,69,113,727
542,905,4002,96,106,664
507,821,3894,135,91,608
501,692,3922,143,60,569
492,664,4002,132,39,551
513,809,4031,120,31,539
522,829,4058,116,20,502
555,821,4166,130,19,461
557,705,4143,139,31,422
552,761,4098,83,57,398
517,727,3994,70,54,363
513,724,3962,85,40,331
465,871,3852,103,16,292
504,768,4094,56,-9,256
468,710,4032,34,5,243
489,886,4078,44,2,229
474,856,3927,48,-2,127
450,664,3938,52,-19,85
470,556,4041,29,-38,73
458,498,4061,2,-36,68
448,421,4025,5,-37,57
471,367,4082,17,-43,50
486,261,4131,10,-40,45
512,176,4203,-7,-31,52
526,240,4277,-19,-17,68
540,449,4304,-14,2,72
520,461,4216,-9,23,41
483,265,4227,-6,27,8
444,145,4217,-6,34,9
430,228,4173,-22,42,27
403,285,4148,-31,43,25
395,229,4220,-38,42,15
388,273,4159,-39,54,14
358,294,3993,-31,57,1
334,112,3911,-22,37,-17
334,-17,3971,-22,10,-11
352,46,4051,-32,1,15
344,180,3968,-34,8,24
312,126,3878,-29,1,9
320,36,4009,-31,-18,11
340,118,4095,-46,-11,31
356,210,4124,-44,1,33
343,187,4137,-20,15,14
327,220,3992,-2,25,6
347,210,4056,-14,10,-8
312,77,4039,-37,6,-13
316,172,4022,-26,-7,2
353,175,4154,-5,-30,-3
372,63,4266,-2,-33,-14
379,3,4283,-39,-7,6
354,138,4093,-49,9,30
353,158,4152,-34,-3,20
363,77,4265,-18,-1,12
373,70,4323,-24,19,26
365,140,4282,-43,44,41
347,233,4076,-35,60,38
340,203,4028,-7,40,18
365,147,4147,1,19,8
366,54,4177,-9,24,9
365,78,4145,-17,37,23
371,121,4082,-12,46,25
365,68,3972,-4,47,19
350,29,3958,-2,33,26
356,110,4021,0,20,36
351,166,4055,6,19,31
350,179,4032,11,21,24
328,140,3935,7,18,20
341,139,4032,-1,-3,25
366,249,4175,-13,-5,35
372,315,4187,-16,9,25
367,234,4149,-24,23,9


546,628,5916,-10,586,-226
548,522,5986,14,672,-269
464,277,5684,3,787,-297
357,108,5431,-9,867,-299
238,6,5197,0,930,-287
181,160,4952,51,964,-264
167,283,4912,100,974,-276
147,106,4843,127,999,-302
150,116,4755,140,1016,-292
150,123,4787,125,1031,-291
116,90,4713,110,1062,-290
109,127,4666,127,1087,-293
91,105,4693,146,1121,-308
27,102,4473,157,1175,-318
-63,54,4140,160,1206,-333
-169,-53,3891,157,1193,-344
-216,-78,3825,162,1162,-337
-279,4,3690,166,1140,-325
-336,61,3647,169,1108,-328
-387,2,3576,174,1086,-336
-447,-116,3516,169,1064,-331
-474,57,3392,159,1047,-300
-509,229,3242,140,1017,-300
-552,-20,3344,108,973,-329
-593,-150,3312,102,957,-314
-631,-64,3106,96,940,-285
-697,-107,2991,82,897,-282
-764,-97,2866,81,845,-275
-825,-107,2741,93,780,-264
-860,-129,2809,111,697,-256
-913,46,2764,79,600,-238
-967,-120,2753,75,537,-244
-959,-105,2876,82,478,-218
-970,12,2825,68,445,-195
-994,-11,2770,44,400,-189
-988,-100,2821,36,344,-179
-976,-37,2791,38,302,-156
-981,-42,2687,29,199,-141
-992,-76,2646,31,142,-129
-983,7,2552,41,82,-107
-972,176,2455,40,6,-93
-959,158,2612,28,-85,-102
-949,328,2739,22,-147,-94
-918,479,2686,23,-196,-107
-907,376,2656,24,-258,-146
-881,270,2737,20,-329,-158
-848,336,2805,1,-384,-147
-821,358,2786,-23,-431,-150
-803,418,2779,-40,-482,-153
-803,418,2779,-40,-482,-153
-782,449,2786,-23,-593,-196
-764,451,2756,0,-647,-215
-752,473,2730,6,-713,-233
-747,450,2833,-12,-793,-244
-675,547,3082,-27,-863,-241
-604,858,3228,-40,-906,-255
-600,848,3245,-57,-939,-322
-581,625,3431,-52,-987,-378
-498,747,3586,-55,-1015,-388
-443,736,3723,-95,-1031,-428
-404,504,3902,-133,-1035,-469
-362,547,3884,-143,-1018,-475
-302,435,3873,-158,-1011,-503
-307,504,3540,-152,-1033,-525
-237,230,3893,-141,-1105,-592
-220,54,3995,-121,-1105,-596
-168,506,3939,-100,-1104,-569
-111,459,4144,-119,-1139,-633
-120,190,4389,-132,-1138,-669
-154,36,4140,-146,-1110,-642
86,195,4860,-194,-1143,-587
-1,336,4481,-242,-1017,-615
-18,92,4312,-226,-1027,-668
38,-226,4467,-182,-974,-707
61,-393,4437,-202,-961,-678
94,-432,4480,-200,-943,-639
109,-349,4411,-184,-924,-605
227,-398,4532,-170,-946,-609
288,-648,5002,-184,-921,-570
297,-425,4750,-168,-820,-519
309,-522,4478,-143,-799,-530
361,-809,4993,-101,-813,-528
370,-977,5145,-90,-733,-474
354,-756,4907,-80,-657,-395
464,-453,4854,-74,-651,-367
518,-563,5080,-89,-622,-371
475,-533,5030,-80,-551,-344
486,-451,5137,-70,-511,-331
478,-458,5065,-73,-456,-332
491,-488,5001,-77,-407,-325
479,-653,5028,-76,-356,-311
488,-860,5123,-76,-305,-269
522,-764,5145,-99,-230,-193
482,-489,4783,-127,-146,-141
444,-498,4611,-127,-119,-142
459,-645,4646,-96,-108,-138
482,-618,4630,-80,-76,-111
471,-682,4512,-93,-37,-93
460,-881,4485,-89,-17,-68
484,-908,4469,-77,7,-15
504,-825,4343,-76,38,30
508,-943,4383,-62,53,51
497,-1039,4350,-15,82,90
439,-1035,4100,32,106,135
402,-1233,4057,74,88,172
408,-1370,4116,113,71,237
413,-1386,4083,117,70,317
413,-1393,4126,109,61,398
484,-1273,4278,119,59,477
477,-1158,4177,136,85,536
482,-1159,4155,149,84,575
501,-1137,4223,173,92,613
520,-1028,4107,220,119,699
519,-1082,3872,226,133,737
534,-1189,3815,250,115,771
509,-1364,3802,292,98,826
568,-1174,3923,332,76,933
625,-680,4015,324,75,1031
607,-350,3963,286,92,1069
597,-76,3911,291,91,1076
593,142,3938,334,91,1047
548,41,3934,351,92,1004
539,1,4055,349,98,1004
483,197,3863,324,125,1030
476,450,3797,292,113,1034
497,686,3778,272,98,1008
523,667,3776,255,76,950
563,466,3908,237,51,906
598,490,3872,217,45,903
619,607,3836,199,25,886
643,758,3817,207,-1,856
684,852,3920,191,-37,800
711,632,4247,175,-57,739
740,736,4291,146,-24,724
718,666,4098,107,9,687
700,546,4100,92,6,662
733,671,4267,83,9,656
720,879,4237,61,46,636
691,1028,4062,75,70,583
688,905,4040,105,60,500
649,681,4110,108,51,448
642,797,4066,82,52,441
613,869,3942,46,46,409
594,817,3942,29,20,360
611,818,4088,33,-4,293
601,781,4117,12,-3,257
594,606,4179,1,-1,224
592,705,4164,-7,10,216
591,768,3963,-13,22,181
592,542,4025,-3,4,129
599,443,4053,2,2,113
595,470,4037,4,7,105
558,360,3920,9,10,80
559,246,3923,17,-5,70
559,241,3989,16,-16,74
564,285,3972,19,-17,73
595,203,4065,15,-29,63
624,219,4324,-4,-25,74
601,408,4247,0,14,72
581,289,4252,3,26,33
562,172,4389,-8,43,25
546,312,4276,-21,79,35
516,325,4194,-30,89,14
481,183,4113,-28,86,-11
453,68,4028,-20,70,-18
433,4,4068,-31,47,-13
406,-30,4030,-48,39,0
401,-86,4055,-44,26,8
401,-120,4072,-34,25,22
408,-9,3961,-28,24,40
434,15,4107,-35,7,37
436,42,4134,-39,20,49
459,168,4128,-34,29,48
438,120,4092,-28,39,28
424,27,4121,-26,39,23
426,111,4118,-37,50,33
382,154,3895,-47,60,24
369,105,3844,-38,34,6
372,2,3915,-20,1,-4
391,-47,3963,0,-17,0
421,9,4106,12,-35,5
428,-76,4180,1,-26,12
440,-50,4197,2,-15,32
452,83,4141,7,0,41
437,9,4167,-4,2,32
438,-55,4289,-20,8,43
452,140,4207,-30,35,61
430,245,4013,-32,45,43
423,89,4073,-32,20,14
454,-13,4238,-22,9,14
465,94,4186,-14,26,27
446,94,4093,-21,31,17
434,58,4089,-26,24,8
433,17,4096,-27,22,6
414,-83,4087,-39,24,12
401,-32,4019,-40,28,35
406,65,3985,-37,21,41
415,31,4012,-31,11,34
434,30,4061,-27,5,36
451,141,4089,-32,8,44


431,531,5566,20,624,-198
328,153,5262,2,721,-240
261,151,5008,22,761,-228
240,205,5002,35,780,-232
215,112,5002,43,812,-247
224,250,4971,62,857,-248
204,203,4765,86,910,-282
156,-60,4624,104,933,-308
134,-89,4600,109,942,-291
109,28,4538,100,961,-277
55,-9,4443,97,975,-286
-8,-98,4460,102,979,-286
-43,176,4345,135,1033,-303
-112,-48,4289,137,1035,-336
-142,-155,4357,150,1039,-324
-165,-66,4212,145,1058,-293
-158,168,4205,134,1050,-284
-193,37,4245,112,1054,-317
-243,-71,4059,110,1073,-321
-272,-3,3921,118,1063,-318
-301,-171,3973,102,1047,-333
-380,-228,3837,103,1049,-319
-423,-83,3727,128,1029,-307
-423,-83,3727,128,1029,-307
-454,-138,3755,142,1001,-322
-473,-181,3763,150,985,-322
-516,-204,3660,153,977,-317
-547,-150,3600,153,956,-309
-593,-163,3490,158,938,-317
-681,-357,3397,167,913,-320
-762,-238,3282,165,865,-268
-821,-331,3119,161,839,-260
-852,-278,2971,172,797,-241
-913,-278,2823,169,743,-231
-974,-329,2756,160,682,-216
-1037,-392,2709,162,620,-192
-1071,-323,2694,172,557,-155
-1089,-62,2603,177,504,-128
-1150,-47,2437,173,447,-139
-1185,-81,2319,180,372,-140
-1202,-89,2358,181,292,-130
-1220,-41,2297,173,230,-111
-1226,136,2215,165,160,-90
-1226,225,2204,146,85,-95
-1232,333,2029,141,14,-97
-1185,512,2020,154,-96,-108
-1114,549,2139,154,-203,-143
-1087,533,2155,130,-290,-173
-1035,594,2303,103,-381,-191
-981,681,2535,61,-495,-241
-951,900,2551,39,-537,-265
-928,939,2470,2,-584,-316
-926,792,2462,-22,-654,-371
-886,712,2568,-46,-727,-402
-849,694,2564,-71,-786,-426
-830,712,2479,-88,-850,-455
-830,712,2479,-88,-850,-455
-779,695,2501,-92,-934,-491
-697,586,2724,-101,-1025,-528
-628,496,3023,-127,-1086,-546
-571,494,3056,-164,-1106,-549
-486,591,3006,-175,-1146,-563
-404,558,3229,-164,-1208,-610
-290,639,3382,-161,-1260,-671
-228,578,3498,-202,-1296,-718
-69,595,3823,-254,-1319,-754
111,1351,4286,-441,-1230,-849
-307,289,3246,-648,-1117,-1033
-141,-753,3264,-453,-1446,-1101
216,-1420,5581,-213,-1547,-899
101,27,4388,-178,-1217,-665
98,300,4123,-204,-1243,-766
156,-242,4598,-195,-1289,-866
170,-843,4889,-219,-1266,-805
251,-535,5040,-214,-1189,-733
232,-565,4638,-220,-1132,-732
347,-465,5169,-172,-1162,-718
410,-490,5345,-163,-1110,-730
397,-1244,5567,-235,-931,-673
489,-936,5323,-226,-862,-584
496,-1156,5648,-228,-815,-578
437,-1044,5506,-203,-698,-514
446,-758,5158,-151,-639,-482
453,-1016,5198,-117,-642,-504
541,-1148,5491,-99,-607,-462
510,-1047,5317,-108,-513,-402
531,-1103,5509,-117,-465,-369
475,-1054,5517,-118,-372,-327
500,-1116,5365,-102,-283,-303
442,-1256,5243,-74,-197,-272
410,-1390,5058,-52,-134,-222
404,-1499,4960,-49,-93,-160
371,-1566,4816,-48,-53,-93
358,-1536,4703,-35,-26,-26
363,-1582,4667,-18,1,30
363,-1755,4617,-2,35,89
389,-1838,4480,17,77,168
387,-1831,4218,50,102,247
404,-1880,4123,90,95,315
417,-1943,4228,122,91,398
416,-1887,4064,143,108,493
434,-1763,3951,168,100,568
408,-1821,3905,198,87,623
445,-1779,3983,230,66,706
461,-1602,4174,242,83,791
407,-1456,3881,234,127,864
441,-1282,3882,269,103,910
466,-1205,3924,296,95,950
486,-1085,3848,319,95,977
509,-1111,3827,313,83,1000
496,-1255,3701,305,77,1037
460,-1298,3624,314,49,1113
543,-888,3873,331,6,1209
591,-481,3979,323,17,1246
574,-338,3929,310,37,1242
615,-154,3934,310,42,1244
604,-128,3831,293,58,1229
574,-199,3783,276,48,1227
607,-43,3905,270,23,1251
644,310,4035,246,15,1268
671,639,4039,219,28,1244
637,883,3933,214,24,1188
642,1097,4011,203,-4,1117
647,1126,4080,168,-17,1027
630,927,4170,134,-21,947
592,1196,3967,76,18,879
604,1299,3820,64,1,798
635,1068,3897,49,-40,707
708,979,4224,35,-66,662
744,1079,4325,9,-41,626
745,1081,4255,-5,-3,563
711,944,4235,3,19,496
714,867,4208,16,40,448
678,698,4149,28,59,397
681,529,4191,22,68,373
658,594,4122,10,93,370
622,686,3880,3,105,348
577,614,3791,18,79,290
515,320,3807,31,42,239
507,264,3824,38,16,235
494,239,3754,47,-5,229
510,198,3905,61,-43,219
528,246,4057,58,-53,219
538,320,4093,62,-46,207
558,240,4280,82,-46,171
560,199,4231,89,-17,156
537,248,4043,87,-5,147
534,186,4147,82,-31,121
538,81,4300,70,-34,112
540,176,4311,59,-13,120
525,240,4403,31,1,115
501,389,4457,18,36,99
454,356,4261,10,77,61
399,70,4230,-17,81,27
362,-117,4326,-52,84,37
380,49,4317,-76,108,70
373,243,4040,-84,130,57
291,43,3771,-76,105,4
299,-228,3857,-50,38,-16
322,-278,4032,-40,-6,2
358,-217,4170,-49,-18,23
369,-125,4231,-40,-10,30
363,-87,4255,-14,2,20
353,-119,4208,0,25,10
328,-254,4139,-3,41,9
314,-200,4007,-3,43,33
305,33,3924,-4,25,44
312,-9,3966,-11,1,19
312,-191,4097,-20,-17,5
324,-231,4162,-31,-18,23
343,-148,4144,-33,-8,40
342,-140,4156,-19,0,38
351,-137,4197,-7,7,37
348,-60,4111,10,22,34
339,-77,4016,38,22,19
357,-189,4155,48,5,24
335,-116,4018,9,15,41
323,-27,3967,-14,0,46
335,-36,4085,-5,-24,31
375,-82,4213,-9,-26,25
376,-122,4203,-16,-6,28
369,-90,4153,-10,6,33
385,-87,4133,-9,12,31
380,-111,4099,-12,16,27
388,-52,4066,-4,16,29
385,-99,4094,3,14,20
387,-170,4182,6,11,19
383,-98,4164,0,22,32
353,-31,4040,-8,32,32
352,-54,4018,0,21,20
340,-84,3998,0,14,13
337,-81,3950,-14,6,12
355,-113,4072,-20,-14,12
379,-97,4172,-27,-7,17
372,-56,4015,-42,11,18
361,-92,3943,-39,1,7
393,-95,4047,-15,-19,1
410,-121,4158,-11,-19,-4
377,-214,4164,-19,-5,-4
369,-180,4118,-19,9,12


462,485,5781,-14,606,-219
395,224,5738,-16,691,-262
337,254,5570,-12,765,-263
285,253,5360,22,821,-289
250,147,5416,67,845,-321
279,104,5619,104,888,-336
261,6,5558,114,971,-349
234,-27,5450,127,1045,-342
236,216,5319,158,1104,-330
243,301,5285,182,1153,-363
215,238,5245,195,1210,-401
165,160,5018,201,1277,-428
102,14,4796,196,1319,-446
63,-34,4601,183,1346,-448
-49,-8,4362,201,1363,-454
-72,109,4257,222,1379,-467
-134,135,3960,226,1392,-499
-227,-94,3770,218,1372,-539
-280,-302,3742,214,1344,-544
-326,-368,3588,200,1337,-521
-405,-365,3284,193,1323,-506
-468,-434,3175,197,1271,-504
-517,-620,3227,209,1223,-501
-567,-778,3266,220,1202,-468
-613,-661,3058,225,1203,-414
-699,-565,2720,233,1179,-386
-789,-570,2501,248,1111,-378
-894,-705,2390,254,1025,-369
-981,-900,2415,245,938,-335
-1038,-860,2347,236,875,-266
-1100,-726,2136,228,812,-206
-1114,-576,2161,230,713,-162
-1112,-388,2212,220,629,-138
-1187,-459,2046,197,565,-135
-1223,-479,1985,189,467,-110
-1211,-347,2051,179,366,-72
-1188,-310,2146,150,283,-55
-1195,-322,2145,120,221,-30
-1178,-131,2148,106,156,3
-1187,77,2004,94,96,12
-1191,46,1955,85,10,-6
-1178,31,2020,69,-82,-6
-1165,187,1982,42,-165,8
-1170,259,1959,1,-258,-4
-1183,258,2042,-20,-356,-24
-1145,580,2142,-30,-524,-62
-1136,577,2266,-44,-607,-111
-1113,488,2400,-66,-679,-147
-1070,513,2500,-95,-740,-161
-1026,545,2656,-127,-803,-183
-984,604,2677,-150,-857,-206
-915,695,2816,-166,-927,-240
-830,682,3120,-189,-984,-283
-763,666,3279,-216,-1002,-319
-716,807,3189,-239,-1002,-352
-649,819,3095,-239,-1036,-416
-576,724,3173,-231,-1088,-480
-522,693,3362,-276,-1152,-557
-511,623,3410,-316,-1190,-605
-478,386,3698,-325,-1235,-649
-404,439,3839,-317,-1243,-655
-338,534,3828,-320,-1246,-683
-248,435,3939,-334,-1265,-732
-203,366,4083,-345,-1280,-763
-175,50,4263,-365,-1253,-774
44,105,4582,-326,-1318,-811
56,-209,5330,-363,-1207,-828
-47,44,4448,-366,-1035,-796
62,50,4635,-311,-1062,-855
57,-385,4639,-284,-1013,-922
1,-677,4395,-253,-982,-920
11,-1102,4467,-237,-997,-895
123,-1335,4785,-301,-1039,-739
102,-1118,4615,-310,-862,-701
177,-1062,5020,-201,-889,-648
224,-799,4980,-169,-829,-609
262,-1128,4845,-201,-808,-626
268,-1280,5117,-208,-778,-566
294,-1046,5141,-178,-728,-492
399,-1025,5437,-145,-698,-495
354,-1349,5506,-135,-592,-480
338,-1283,5194,-130,-496,-402
354,-1286,5152,-130,-465,-353
402,-1365,5349,-136,-435,-309
366,-1392,5345,-136,-368,-257
467,-1411,5285,-113,-328,-218
472,-1570,5361,-95,-268,-188
423,-1860,5309,-73,-190,-136
448,-1905,5309,-45,-123,-50
418,-1849,5003,-42,-38,25
331,-1966,4697,-18,1,78
299,-2004,4731,22,8,155
281,-1890,4710,31,46,247
271,-1785,4522,35,91,321
240,-1712,4391,62,122,382
209,-1657,4179,79,143,442
189,-1637,3976,83,141,498
218,-1666,3909,95,113,549
251,-1723,3942,118,89,601
294,-1636,3952,145,83,673
320,-1623,3990,158,85,730
359,-1607,3982,180,97,794
380,-1459,3891,213,111,857
364,-1331,3807,239,111,903
332,-1251,3763,245,90,961
407,-839,3907,252,67,1009
360,-834,3800,233,77,1001
368,-831,3845,247,60,1011
390,-842,3949,255,59,1026
388,-876,3874,237,79,1059
375,-686,3752,236,82,1100
399,-541,3829,227,54,1128
462,-408,4106,194,59,1144
433,-80,3714,227,34,1119
424,-161,3910,222,-4,1083
410,-42,4041,221,-17,1085
434,291,4149,214,-17,1079
423,331,4268,180,0,1023
358,244,4193,150,32,988
320,436,4009,143,47,981
311,620,4028,129,38,947
308,669,4061,97,36,901
327,877,4058,79,35,861
348,1166,3832,82,36,788
340,1066,3755,98,-11,676
443,800,4267,106,-74,591
516,786,4454,63,-40,561
518,863,4284,13,8,527
537,887,4218,2,17,471
551,923,4319,10,20,402
519,687,4470,1,45,318
490,444,4476,-3,98,271
456,504,4052,-9,155,257
361,457,3623,-14,141,212
317,128,3748,3,56,162
340,-38,3993,-2,8,169
319,-92,3933,-27,9,189
307,-103,3974,-20,-12,199
325,-65,4116,0,-24,203
326,-26,4188,14,-15,201
350,12,4211,29,-3,191
385,26,4252,34,7,172
362,-18,4149,34,24,154
333,-21,4115,41,20,139
336,-114,4197,48,11,117
322,-206,4145,36,21,109
284,-209,4125,7,25,117
264,-62,4086,-4,26,126
235,37,4019,5,17,105
220,-14,4050,5,0,72
194,-196,4105,-8,-12,51
194,-179,4147,-35,-12,55
190,-260,4195,-34,-3,50
195,-247,4210,-17,9,49
205,-328,4264,-18,25,47
208,-297,4103,-28,51,58
185,-302,3919,-35,43,55
184,-355,4010,-36,7,53
184,-355,4010,-36,7,53
184,-296,4145,-35,-14,64
194,-243,4200,-19,-18,61
181,-288,4252,-15,-13,52
169,-274,4246,-19,0,60
164,-175,4192,-24,3,67
156,-225,4280,-36,-1,55
148,-142,4243,-49,29,70
140,-153,4195,-47,32,52
153,-268,4181,-48,31,34
155,-291,4077,-63,36,40
145,-292,3976,-82,21,45
150,-317,3992,-74,-4,42
171,-333,4102,-38,-28,36
195,-454,4328,-16,-31,32
199,-400,4273,-27,7,57
170,-249,4040,-33,32,67
154,-172,3923,-1,16,52
161,-261,3991,17,-11,26
166,-390,4142,14,-23,21
181,-376,4232,-3,-7,40
196,-231,4157,-10,18,57
205,-155,4088,-13,24,47
212,-212,4057,-18,20,28
185,-241,3968,-20,12,14
168,-360,4027,-17,-9,1
179,-406,4148,-22,-19,12
178,-336,4118,-29,-9,27
162,-345,4062,-28,-2,25
144,-373,4050,-11,-4,26
157,-254,4028,7,-9,34
178,-270,4127,11,-18,22
199,-312,4159,10,-9,17
198,-217,4009,11,1,23
195,-140,3975,9,-19,8
179,-414,4102,-18,-35,-17
190,-430,4153,9,-38,7
233,-240,4232,-3,-34,31
227,-288,4211,-30,-12,17
208,-319,4149,-37,1,16
199,-291,4100,-28,2,14
177,-401,4145,-28,3,6


487,319,6484,175,595,-283
467,-14,6404,183,717,-324
449,-56,6255,155,834,-313
362,3,5914,126,946,-318
270,-208,5677,149,1019,-353
233,-306,5488,198,1071,-353
195,-230,5340,224,1116,-345
161,-249,5219,223,1167,-358
100,-363,4920,242,1221,-368
54,-311,4552,301,1248,-357
23,-329,4437,290,1259,-364
-31,-438,4302,276,1272,-374
-95,-498,4120,282,1277,-363
-124,-474,4042,291,1270,-347
-178,-562,3959,280,1277,-340
-222,-541,3750,277,1289,-318
-261,-382,3446,280,1283,-306
-346,-412,3189,279,1247,-326
-489,-558,2875,291,1140,-340
-566,-534,2697,279,1075,-324
-650,-402,2483,263,1006,-311
-747,-485,2306,258,916,-324
-792,-641,2388,274,803,-316
-770,-574,2648,288,717,-276
-745,-472,2847,265,680,-246
-751,-554,2779,217,686,-226
-781,-606,2614,193,682,-186
-767,-455,2449,183,653,-139
-796,-330,2175,169,607,-121
-796,-330,2175,169,607,-121
-827,-188,2137,152,421,-115
-843,-164,2253,145,343,-110
-882,-31,2177,123,291,-100
-945,41,1922,86,229,-108
-1020,-171,1837,52,132,-123
-1049,-329,2006,35,23,-102
-1033,-146,2124,13,-47,-50
-1029,167,2019,-39,-97,-21
-1070,281,1864,-76,-181,-44
-1052,287,2032,-72,-306,-79
-1019,326,2320,-61,-405,-109
-1002,325,2418,-76,-462,-136
-995,272,2495,-94,-520,-161
-974,286,2620,-106,-577,-179
-938,430,2631,-115,-629,-192
-880,465,2802,-119,-703,-225
-789,544,3032,-133,-760,-248
-719,708,3065,-160,-790,-277
-664,688,3190,-184,-834,-332
-605,660,3317,-204,-864,-382
-593,582,3293,-232,-881,-431
-570,443,3365,-246,-923,-473
-512,481,3492,-240,-963,-494
-472,504,3591,-246,-992,-531
-428,395,3843,-271,-1019,-570
-399,389,4033,-289,-1010,-594
-397,378,3985,-304,-979,-624
-362,326,3931,-306,-974,-658
-335,218,3929,-311,-979,-695
-295,-90,4098,-316,-989,-731
-401,-64,3473,-312,-980,-709
-128,-86,4300,-235,-1131,-781
-162,-385,4673,-220,-1046,-801
-214,-162,4162,-190,-974,-768
-72,10,4458,-156,-1027,-801
-79,-274,4619,-157,-1002,-858
-66,-458,4704,-179,-973,-858
-14,-645,4727,-222,-932,-839
-47,-877,4506,-328,-916,-724
155,-543,5084,-338,-877,-684
-75,-1051,4183,-332,-744,-743
-6,-897,4203,-241,-807,-680
117,-552,4595,-202,-826,-665
-10,-918,4349,-227,-779,-707
61,-1029,4460,-183,-827,-696
158,-1132,5012,-181,-816,-664
129,-1246,4874,-221,-739,-606
271,-1204,5217,-212,-736,-565
319,-1158,5384,-210,-646,-517
339,-974,5159,-196,-547,-479
356,-1221,5196,-187,-508,-487
397,-1376,5399,-188,-459,-446
486,-1395,5258,-171,-345,-380
457,-1607,5371,-156,-259,-350
382,-1663,5076,-154,-165,-284
362,-1557,4940,-139,-120,-224
327,-1645,4812,-138,-80,-185
285,-1722,4694,-123,-53,-133
272,-1733,4640,-91,-41,-82
279,-1852,4682,-55,-24,-32
262,-1929,4635,-38,15,39
266,-1890,4522,-20,51,119
276,-1825,4436,3,77,185
264,-1786,4295,42,93,238
285,-1785,4329,93,86,281
310,-1820,4362,139,100,324
303,-1870,4253,165,128,381
299,-1946,4283,186,149,444
217,-1886,4026,193,189,531
245,-1682,3795,199,171,611
256,-1694,3758,204,129,644
227,-1861,3729,210,95,690
244,-1876,3812,228,61,767
294,-1829,3856,237,43,845
318,-1734,3842,236,39,919
283,-1655,3755,242,33,986
382,-1441,3869,262,0,1059
421,-1336,3996,301,-2,1077
426,-1326,4004,335,11,1095
461,-1117,4019,401,25,1125
488,-1170,3913,415,54,1183
473,-961,3754,401,63,1243
454,-687,3587,398,44,1281
449,-456,3754,407,-1,1297
499,-215,4049,387,-18,1309
523,100,3962,348,13,1305
523,100,3962,348,13,1305
477,172,3806,315,19,1256
462,177,3823,308,-1,1214
463,324,3916,309,-18,1186
464,460,3884,291,-21,1152
535,666,3958,236,-37,1073
539,826,3945,215,-45,1025
548,904,4052,191,-61,959
558,864,4102,150,-59,893
562,902,4124,119,-51,837
572,952,4233,97,-55,775
584,947,4398,88,-39,703
581,929,4319,92,5,632
532,904,4135,99,34,570
532,904,4135,99,34,570
528,911,4044,89,28,507
454,713,4053,62,24,442
409,513,3983,34,23,404
416,600,4032,35,11,396
429,806,3987,55,14,354
414,756,3873,79,0,275
445,634,4046,97,-38,211
454,528,4106,73,-42,177
452,375,4180,16,-42,132
441,367,4152,0,-38,117
441,271,4271,-4,-39,86
434,132,4304,-4,-18,67
419,169,4290,7,0,62
418,178,4337,7,14,44
386,17,4283,-4,39,21
332,-70,4147,-3,56,15
307,-89,4068,3,54,15
303,-79,3961,4,40,11
276,-110,3900,5,17,0
260,-151,3920,16,-12,-11
262,-194,3999,23,-41,-17
287,-200,4204,20,-56,-17
283,-208,4275,12,-35,-17
264,-233,4167,15,-9,-20
272,-291,4154,10,-11,-22
307,-419,4296,-4,-12,-21
275,-402,4187,-14,14,4
292,-281,4120,-29,9,21
281,-392,4221,-38,3,8
254,-490,4205,-46,17,20
245,-352,4177,-44,24,46
226,-275,4164,-40,29,44
222,-310,4165,-33,33,36
205,-279,4054,-23,40,37
196,-253,3993,-14,28,32
207,-215,4041,-3,11,28
188,-182,4065,4,3,25
195,-178,4126,6,1,21
186,-132,4091,-10,10,24
188,-119,4101,-47,13,25
198,-121,4106,-73,14,24
202,-136,4081,-79,14,22
203,-154,4096,-86,19,5
182,-247,4093,-77,24,-10
156,-265,3937,-69,26,-6
174,-236,3943,-69,1,-9
174,-236,3943,-69,1,-9
166,-351,3969,-67,-10,-19
193,-359,4007,-61,-26,-8
239,-322,4169,-61,-36,-2
240,-369,4194,-70,-22,0
254,-302,4196,-71,-14,9
269,-293,4294,-55,-7,0
236,-333,4256,-38,18,-5
194,-298,4081,-35,36,-5
156,-357,3971,-44,28,-7
160,-379,3967,-51,4,2
188,-381,4071,-56,-18,15
231,-360,4227,-69,-24,28
278,-234,4235,-53,0,33
282,-206,4296,-42,9,17
239,-351,4278,-32,31,-2
212,-360,4194,-15,50,3
182,-280,4021,-6,58,5
172,-302,3931,0,43,-7
141,-395,3924,13,20,-15
156,-373,4031,-11,-6,1
159,-371,4055,-29,-10,8
148,-386,4041,-20,-14,12


338,520,5569,17,535,-456
281,-133,5575,10,609,-525
210,-402,5257,-16,691,-489
154,-416,5095,-27,725,-438
136,-191,5092,6,744,-409
147,-72,5127,64,767,-427
168,-93,5121,102,804,-458
143,-181,4972,104,844,-477
119,-216,4954,90,861,-478
138,-192,5040,98,884,-483
141,-118,5020,131,934,-496
111,-93,4893,181,986,-524
100,-81,4781,218,1024,-552
75,-212,4779,220,1054,-581
38,-328,4670,197,1100,-585
-34,-369,4387,182,1147,-578
-124,-306,4163,177,1154,-569
-181,-343,4063,183,1146,-583
-285,-610,3873,160,1142,-590
-308,-613,3733,164,1112,-556
-318,-536,3684,171,1074,-538
-352,-631,3735,169,1046,-544
-363,-652,3705,176,1035,-538
-411,-852,3632,185,1029,-542
-446,-1031,3519,193,1028,-514
-489,-996,3351,200,1020,-470
-553,-1021,3189,202,995,-444
-617,-955,3043,218,962,-413
-692,-959,2878,245,920,-397
-768,-1074,2779,256,862,-373
-811,-1043,2713,250,803,-322
-865,-900,2533,231,749,-273
-949,-754,2343,223,677,-242
-994,-609,2228,229,585,-228
-1015,-653,2172,221,493,-228
-1056,-804,2274,204,400,-212
-1049,-673,2352,191,334,-160
-1066,-461,2205,173,296,-129
-1116,-420,1937,166,238,-133
-1150,-444,1768,171,141,-134
-1161,-511,1813,167,21,-122
-1132,-284,1942,152,-87,-86
-1110,75,1920,128,-177,-73
-1093,287,1882,108,-281,-103
-1068,277,1935,100,-394,-156
-1038,148,2145,88,-503,-193
-970,259,2333,68,-586,-198
-917,403,2513,30,-644,-216
-891,633,2589,-11,-690,-239
-842,914,2678,-47,-736,-285
-810,980,2748,-71,-783,-372
-791,855,2836,-111,-830,-453
-731,814,2921,-167,-876,-501
-698,772,3012,-225,-921,-549
-652,784,3239,-274,-966,-592
-584,838,3383,-304,-986,-646
-529,646,3418,-318,-997,-720
-448,479,3519,-318,-1022,-771
-313,453,3719,-335,-1038,-804
-246,449,3719,-367,-1030,-850
-197,293,3764,-380,-1041,-913
-3,206,4082,-385,-1052,-963
67,612,4307,-544,-944,-1045
-270,-278,2752,-648,-1000,-1233
143,-1719,5295,-433,-1314,-1185
114,-724,5068,-319,-1033,-893
102,-68,4465,-325,-917,-902
156,-405,4819,-339,-916,-1023
-82,-1256,4499,-336,-849,-1038
64,-1065,4681,-284,-838,-948
13,-1260,4556,-256,-799,-953
-33,-1432,4529,-252,-794,-908
-3,-1213,4585,-247,-799,-843
-3,-1213,4585,-247,-799,-843
-21,-1262,4640,-260,-794,-827
-34,-1285,4718,-255,-789,-792
45,-1110,4734,-254,-789,-750
134,-1237,5176,-246,-784,-752
140,-1347,5170,-233,-690,-727
209,-1383,5197,-205,-627,-692
253,-1532,5251,-202,-548,-664
234,-1559,4916,-217,-445,-614
214,-1571,4614,-196,-403,-577
230,-1801,4668,-165,-406,-553
263,-2100,4874,-160,-389,-490
325,-1954,4808,-170,-341,-385
328,-1816,4678,-153,-301,-339
310,-2209,4609,-103,-290,-325
376,-2432,4928,-40,-276,-249
351,-2536,4849,-27,-191,-146
319,-2604,4458,8,-95,72
304,-2624,4253,42,-81,157
308,-2772,4195,90,-91,233
313,-3002,4258,132,-100,327
349,-2971,4258,175,-86,459
392,-2703,4247,226,-72,582
425,-2472,4372,257,-56,672
441,-2388,4455,287,-18,742
438,-2217,4432,321,27,821
460,-1886,4179,368,76,880
413,-1937,3888,396,90,892
398,-2070,3833,430,76,931
378,-2087,3648,441,77,1002
334,-2139,3482,441,55,1079
353,-1880,3541,467,12,1189
395,-1298,3563,486,-15,1284
394,-971,3549,468,-45,1309
411,-926,3705,460,-77,1301
429,-896,3747,470,-78,1305
449,-727,3648,479,-69,1314
406,-823,3612,497,-77,1310
439,-734,3797,518,-103,1356
540,-95,3984,505,-100,1411
548,315,3956,451,-80,1381
552,412,4001,408,-77,1317
566,426,4045,375,-69,1261
531,302,4069,323,-57,1214
499,213,4057,276,-42,1197
503,406,4156,255,-31,1191
483,672,4237,237,-6,1166
483,959,4188,220,31,1111
482,996,4009,191,57,1021
498,982,3775,172,39,942
533,949,3877,165,-19,862
600,754,4331,129,-68,792
663,798,4595,75,-39,764
649,1044,4309,24,30,718
592,938,4045,4,39,624
555,796,4046,17,15,544
553,801,3950,23,0,492
566,632,4004,9,-28,433
583,466,4145,-16,-46,400
617,447,4318,-36,-42,380
592,436,4237,-38,-10,356
599,460,4252,-17,0,323
583,462,4232,3,19,276
492,409,4083,6,34,232
436,272,4099,11,24,187
400,50,4059,9,19,162
408,27,4056,1,7,168
421,140,4076,-4,-5,162
390,68,4173,-4,-19,126
344,-133,4412,12,-16,92
455,-181,4134,33,27,97
371,-195,4109,11,10,97
389,-249,4421,4,-8,92
376,-130,4438,1,28,105
361,32,4274,-10,61,94
323,-131,4232,-28,58,56
312,-253,4277,-34,53,48
307,-233,4215,-52,60,55
288,-269,4159,-69,58,48
263,-321,4161,-66,51,39
223,-331,4062,-59,55,34
174,-462,3928,-55,48,24
132,-609,3867,-46,29,31
124,-610,3866,-26,8,57
157,-412,3893,-11,-7,80
178,-288,3919,1,-21,73
194,-361,4025,7,-37,50
215,-444,4150,6,-38,46
237,-419,4181,0,-33,59
260,-332,4200,-10,-28,66
246,-383,4180,-9,-23,56
238,-425,4187,-1,-23,52
244,-395,4254,5,-21,58
234,-349,4287,3,-8,59
218,-295,4176,2,10,52
195,-350,4085,6,10,40
188,-394,4107,20,4,36
195,-376,4118,37,2,36
213,-354,4062,58,4,30
215,-360,4076,55,1,28
200,-371,4058,42,-1,27
205,-331,4066,33,-9,33
229,-282,4109,26,-15,34
231,-347,4184,0,-12,25
252,-418,4220,-25,0,28
250,-391,4135,-28,16,36
239,-377,4087,-22,18,31
224,-456,4104,-25,15,28
227,-406,4068,-33,22,41
201,-356,3916,-38,22,42
198,-378,3849,-32,-1,33
206,-400,3916,-25,-35,31
227,-399,4084,-19,-55,31
242,-377,4232,-11,-49,31
254,-343,4232,-2,-26,29
257,-361,4222,0,-8,24
240,-394,4215,-24,5,28
244,-332,4116,-47,19,40
239,-288,4053,-48,17,34
220,-303,4046,-51,10,22
223,-361,4078,-49,6,9
204,-425,4013,-39,7,3
192,-469,3986,-37,0,6
192,-471,3981,-28,-12,12
210,-433,4016,-18,-27,15
227,-445,4125,-7,-34,14
238,-433,4194,-1,-26,18


256,273,5276,134,557,-192
163,-280,5133,139,622,-245
123,-242,4900,165,669,-213
107,-79,4791,197,686,-208
68,-112,4769,243,695,-237
37,-181,4812,294,703,-254
21,-161,4879,319,727,-256
-7,-152,4830,321,758,-258
-7,-7,4806,326,780,-255
-35,49,4740,328,803,-278
-42,-81,4856,344,852,-301
-59,-30,4699,324,901,-300
-102,-102,4573,310,930,-313
-135,-129,4563,309,949,-315
-195,-104,4417,296,986,-317
-265,-9,4189,284,1008,-320
-330,36,4038,310,1001,-346
-409,-116,3990,337,987,-382
-479,-153,3798,336,982,-381
-500,-56,3755,317,949,-372
-502,-20,3839,292,916,-381
-528,-51,3907,275,902,-391
-540,-11,3971,272,904,-396
-540,113,3892,265,918,-404
-565,108,3720,248,918,-434
-610,-10,3674,240,895,-463
-588,-117,3773,245,868,-473
-569,-229,3747,246,868,-480
-606,-386,3628,226,868,-475
-654,-462,3506,200,853,-444
-693,-434,3456,178,826,-408
-731,-243,3370,172,802,-381
-773,-200,3312,184,773,-391
-818,-354,3219,195,746,-402
-855,-424,2991,188,718,-385
-901,-536,2957,172,656,-362
-917,-538,2977,140,604,-320
-945,-524,3010,128,563,-283
-959,-349,2968,125,536,-246
-974,-379,2998,112,510,-237
-1013,-311,2798,102,507,-214
-1072,-268,2545,103,474,-201
-1099,-276,2373,110,410,-195
-1127,-191,2286,109,331,-182
-1155,-133,2330,105,247,-178
-1172,-112,2330,94,180,-177
-1209,-52,2129,76,122,-175
-1237,19,1900,45,37,-176
-1292,-174,2006,29,-82,-189
-1245,73,2228,42,-184,-149
-1191,484,2263,51,-243,-151
-1191,484,2263,51,-243,-151
-1134,449,2365,42,-311,-213
-1129,348,2492,27,-365,-256
-1136,303,2470,3,-399,-275
-1159,363,2288,-18,-439,-287
-1167,461,2207,-28,-521,-310
-1122,543,2353,-36,-616,-343
-1065,679,2437,-46,-693,-379
-1014,721,2526,-74,-764,-428
-972,605,2597,-115,-831,-481
-952,489,2704,-150,-898,-517
-878,394,2990,-170,-966,-545
-790,344,3235,-197,-1001,-559
-729,475,3211,-226,-1007,-571
-654,514,3161,-242,-1035,-615
-581,367,3376,-240,-1082,-675
-452,345,3691,-250,-1098,-722
-503,242,3722,-363,-1044,-798
-556,-408,3572,-358,-1072,-822
-407,-283,4081,-263,-1150,-761
-327,-206,4294,-242,-1125,-747
-337,-309,4205,-249,-1084,-745
-222,-388,4511,-246,-1094,-736
-481,498,3319,-253,-1111,-754
-75,-592,4787,-154,-1428,-950
78,-944,6341,-179,-1214,-818
-235,-429,4582,-309,-836,-695
-215,-541,4387,-312,-884,-731
-186,-756,4537,-282,-914,-741
-195,-919,4410,-252,-896,-719
-95,-765,4476,-265,-890,-689
-121,-1080,4429,-264,-863,-689
-150,-1211,4201,-198,-877,-647
8,-1040,4773,-128,-917,-617
-46,-1290,4696,-140,-838,-614
-164,-1669,4429,-122,-808,-568
-60,-1614,4641,-54,-839,-470
-19,-1342,4821,-58,-784,-397
-77,-1515,4526,-114,-723,-351
17,-1443,4718,-102,-734,-280
119,-1314,4695,-96,-701,-221
196,-1274,4904,-79,-678,-191
251,-1252,5078,-68,-626,-158
274,-1189,5006,-80,-557,-120
283,-1288,5017,-82,-511,-95
383,-1208,5094,-59,-481,-59
442,-1146,5152,-45,-423,-46
407,-1448,5066,-34,-366,-51
417,-1730,5190,-3,-327,-14
412,-1821,5099,24,-256,52
388,-1991,4936,49,-208,114
392,-2154,4965,77,-181,188
404,-2210,4920,114,-138,282
417,-2082,4849,160,-100,379
456,-1913,4875,216,-71,449
423,-1954,4761,273,30,567
397,-1878,4531,298,70,638
407,-1915,4383,319,91,692
376,-2034,4212,345,118,756
322,-2111,3833,371,135,841
325,-2091,3732,423,97,932
351,-1904,3750,467,58,1030
431,-1447,3820,500,23,1119
512,-1187,4007,506,11,1152
457,-1135,3962,485,35,1183
488,-978,3918,486,24,1238
570,-653,4048,490,25,1266
485,-646,3758,464,59,1257
455,-627,3692,483,36,1265
485,-506,3879,508,10,1278
441,-574,3836,497,30,1315
504,-41,3872,529,36,1373
492,275,3837,519,40,1347
483,405,3739,495,20,1305
543,433,3842,493,-21,1263
593,532,3946,435,-34,1241
637,554,4025,359,-40,1211
685,530,4200,292,-42,1187
726,680,4248,251,-22,1172
726,889,4191,242,0,1129
728,1031,4242,237,16,1061
650,945,4118,215,42,985
608,823,4117,206,39,934
582,1055,3822,193,55,831
562,834,3877,177,19,766
586,777,3907,169,1,735
585,794,3823,150,-11,711
594,901,3885,122,-38,686
594,901,3885,122,-38,686
621,937,4012,95,-52,646
642,1001,4168,84,-53,609
640,1172,4134,70,-26,564
629,1226,4070,69,-12,490
614,988,4139,66,0,360
577,1055,4136,50,16,329
548,1224,3917,44,32,276
525,1032,3921,35,10,186
487,672,3927,23,0,130
476,580,3842,9,-12,120
487,582,3900,-3,-37,106
494,533,4026,-23,-49,87
500,505,4129,-32,-43,65
489,467,4100,-26,-27,44
497,450,4128,-21,-18,21
482,349,4123,-22,-6,-6
450,294,4099,-13,0,-25
451,154,4102,-17,3,-39
450,5,4136,-56,3,-37
440,-35,4193,-95,2,-21
423,5,4200,-105,0,-5
444,63,4218,-97,-2,-5
459,-42,4348,-85,-7,-23
441,-151,4418,-81,10,-24
404,-132,4244,-90,40,-7
373,-170,4238,-99,41,-6
345,-253,4263,-108,47,2
306,-111,4194,-75,75,27
259,-146,4087,-63,89,17
229,-216,4029,-58,86,16
221,-153,3969,-40,81,28
221,-55,3794,-27,68,30
245,-116,3831,-20,21,14
266,-215,3992,-15,-7,12
277,-155,4088,-19,-14,28
297,-94,4152,-22,-12,37
326,-65,4233,-22,0,37
334,-10,4230,-27,19,34
327,-9,4212,-35,31,25
310,-24,4168,-35,39,22
291,91,4064,-24,38,18
310,124,4112,-17,21,-4
317,45,4190,-32,17,-27
274,-115,4138,-50,23,-37
273,-154,4101,-61,22,-23
273,-114,4044,-82,19,-11
269,-117,4063,-98,8,-11
280,-118,4058,-92,3,-11
302,-89,4092,-78,-2,-14
325,-157,4177,-76,-4,-23
319,-194,4119,-54,2,-19
307,-157,4190,-46,1,-11
330,-128,4199,-56,25,-1
316,-87,4036,-54,44,0
306,-81,3996,-47,38,-7
267,-116,3917,-41,27,-13
255,-88,3905,-34,9,-13
259,-111,3961,-34,-5,-20
256,-196,3951,-41,-13,-22
255,-260,3993,-63,-21,-12


312,-68,5158,192,530,-185
304,-34,5107,202,572,-182
285,166,5155,180,601,-176
286,156,5174,190,636,-203
243,157,5169,194,671,-217
230,245,5261,187,711,-231
168,141,5126,175,768,-261
117,69,5046,169,803,-274
97,78,5031,204,835,-281
48,69,4976,226,874,-295
16,28,4920,245,909,-305
12,105,4837,264,938,-307
-6,97,4821,275,964,-331
5,404,4730,260,992,-357
-43,125,4761,178,1000,-445
-83,-350,4938,238,1026,-427
-52,60,4888,299,1083,-365
-71,91,4774,286,1126,-393
-112,25,4717,285,1159,-411
-154,5,4575,280,1193,-420
-176,64,4478,263,1215,-430
-218,12,4369,258,1238,-456
-280,-230,4213,271,1258,-479
-335,-316,4049,296,1271,-464
-380,-130,3804,297,1267,-444
-416,-162,3792,256,1236,-458
-460,-327,3763,224,1225,-460
-497,-336,3600,227,1218,-444
-548,-435,3453,228,1203,-442
-608,-568,3374,232,1178,-428
-660,-499,3234,224,1157,-393
-726,-459,3063,196,1132,-369
-826,-587,2921,195,1098,-356
-884,-544,2820,226,1055,-320
-920,-520,2714,233,1019,-293
-1019,-591,2417,212,984,-265
-1111,-539,2204,202,918,-223
-1166,-386,2084,203,838,-185
-1217,-244,1931,200,759,-164
-1268,-177,1762,211,665,-166
-1315,-111,1616,223,561,-169
-1366,-36,1459,220,447,-164
-1390,8,1439,206,321,-159
-1383,72,1401,186,208,-157
-1376,-52,1556,162,97,-162
-1376,-60,1709,146,28,-138
-1392,218,1518,132,-16,-110
-1431,336,1308,124,-94,-132
-1484,473,1101,127,-202,-158
-1489,576,1010,117,-346,-197
-1470,487,1060,84,-505,-241
-1434,535,1102,44,-659,-251
-1365,529,1407,7,-822,-269
-1228,700,1862,-36,-952,-274
-1132,1008,2049,-84,-1025,-300
-1039,1002,2300,-117,-1111,-377
-886,834,2862,-143,-1181,-438
-778,902,3148,-199,-1181,-461
-693,965,3182,-258,-1167,-505
-608,786,3289,-299,-1171,-577
-557,622,3384,-320,-1166,-633
-534,530,3269,-322,-1163,-679
-498,357,3315,-319,-1190,-726
-465,114,3506,-325,-1218,-755
-453,-29,3673,-351,-1228,-747
-429,159,3712,-365,-1227,-724
-379,276,3780,-366,-1239,-746
-362,60,4040,-357,-1256,-800
-341,-140,4353,-341,-1245,-816
-325,-2,4362,-320,-1198,-803
-336,57,4262,-306,-1168,-824
-265,-31,4469,-301,-1171,-851
-146,17,4765,-324,-1131,-862
-170,-105,4663,-359,-1055,-891
-127,-470,4895,-335,-1041,-920
-302,-246,4003,-333,-1018,-925
24,-1167,5167,-224,-1192,-1003
-66,-1314,5410,-153,-993,-884
-168,-1080,4591,-128,-904,-794
10,-944,5409,-95,-985,-762
31,-932,5658,-102,-889,-739
-15,-879,5542,-90,-793,-724
-85,-1471,5638,-46,-745,-718
124,-1189,5946,-104,-667,-602
8,-1637,5716,-143,-503,-603
-73,-1691,5272,-74,-422,-512
5,-1448,5286,-38,-423,-438
42,-1595,5405,-43,-378,-426
-60,-1990,4999,-43,-298,-389
-51,-2128,4974,0,-305,-293
10,-2117,5190,26,-297,-195
26,-2057,5197,20,-244,-97
39,-2034,5109,33,-189,-12
57,-2081,5032,59,-142,62
62,-2105,4885,77,-96,141
57,-2126,4723,101,-62,219
70,-2207,4763,145,-43,301
67,-2146,4727,170,-5,405
66,-1897,4472,182,33,503
69,-1816,4302,216,37,561
57,-1933,4458,275,21,611
109,-1721,4477,309,40,699
122,-1565,4289,297,64,760
133,-1750,4304,289,66,806
147,-1810,4289,310,80,885
188,-1606,4135,336,102,973
194,-1505,3980,360,111,1022
192,-1520,3935,397,105,1072
240,-1175,3826,432,98,1151
234,-888,3663,452,79,1185
291,-583,4038,509,29,1252
299,-224,3986,492,62,1281
311,89,3924,461,81,1273
304,305,3791,403,93,1235
288,203,3836,351,78,1190
286,227,3872,323,76,1183
288,299,3844,301,76,1175
346,387,3956,277,68,1167
362,742,3915,241,71,1165
376,948,3890,200,64,1113
368,885,3963,172,53,1039
328,974,3915,153,55,995
304,1111,3972,122,48,946
284,1012,3978,80,58,876
268,959,3818,44,62,833
234,1037,3675,24,44,790
275,924,3661,28,8,721
302,735,3788,48,-39,670
388,793,3987,47,-64,651
403,838,3997,29,-64,620
452,838,4152,27,-73,581
459,939,4326,32,-61,544
426,885,4318,24,-23,491
376,753,4270,8,9,452
337,743,4114,12,31,433
329,835,4035,20,28,402
303,790,4050,6,19,357
270,707,4010,4,14,318
286,676,3926,10,0,290
247,660,3918,6,-24,262
223,483,3994,9,-45,224
183,451,3955,15,-53,214
234,504,3963,60,-73,194
248,458,4236,47,-83,172
223,441,4354,41,-51,156
253,566,4319,73,-13,134
228,576,4228,36,25,102
191,386,4060,29,46,54
131,202,3806,23,38,38
116,175,3792,-3,-10,47
118,19,3998,-47,-49,49
124,67,4000,-65,-51,71
111,257,3981,-57,-61,60
98,-145,4162,-83,-59,37
99,-108,4092,-85,-38,81
135,169,4055,-81,-39,103
142,187,4157,-92,-50,76
151,157,4356,-81,-45,56
150,148,4285,-51,-12,39
135,-7,4193,-32,1,17
117,-68,4145,-38,4,22
92,-101,4114,-79,3,35
83,-71,4106,-99,0,49
65,82,3928,-84,-7,59
48,143,3903,-58,-43,34
51,-46,4045,-53,-76,5
54,-137,4056,-64,-84,15
83,-102,4095,-110,-100,41
106,-191,4243,-98,-110,46
166,-60,4343,-92,-94,71
170,-41,4324,-108,-69,74
187,-39,4485,-96,-60,72
211,137,4478,-76,-23,72
183,195,4305,-66,4,44
173,58,4343,-51,3,7
157,-112,4391,-39,19,-2
125,-64,4194,0,32,7
187,42,4516,-55,22,17
138,-76,4292,-120,85,16
108,-97,4053,-117,93,20
116,-45,4011,-96,64,12
89,-214,3990,-92,34,0
92,-297,4088,-74,2,10
118,-186,4201,-74,-7,38
114,-107,4215,-76,0,44
121,-110,4212,-63,4,35
121,-97,4226,-46,6,30
140,-105,4291,-50,12,28
135,-101,4242,-71,33,32
119,-100,4164,-85,42,33
108,-103,4115,-97,43,32
111,-54,4138,-98,37,28
112,-71,4153,-90,36,12
102,-193,4116,-83,35,-1
95,-312,4071,-67,30,1
90,-286,4033,-47,22,23
117,-125,4064,-38,14,37
115,-157,4090,-40,15,24
108,-239,4143,-35,15,23
103,-131,4097,-37,25,37


385,1569,6405,436,222,-157
249,337,6245,293,360,-353
144,-500,6325,102,467,-291
205,398,6069,107,570,-134
313,1165,6066,176,633,-186
297,544,6203,215,713,-355
238,-146,5936,206,827,-390
196,-96,5543,172,911,-327
160,223,5256,173,954,-305
153,257,5353,205,975,-346
148,115,5311,240,1034,-392
108,-91,4963,256,1098,-417
49,-257,4764,245,1116,-414
33,-166,4600,243,1126,-387
56,62,4476,253,1118,-389
6,-620,4722,203,1138,-484
-31,-325,4418,272,1210,-406
-73,-7,3993,261,1234,-407
-174,-471,3955,241,1213,-457
-215,-551,3852,256,1213,-417
-243,-357,3674,249,1215,-375
-326,-373,3462,229,1208,-376
-383,-382,3200,240,1185,-370
-423,-291,2939,245,1136,-370
-513,-526,2815,216,1070,-391
-602,-686,2679,216,1005,-367
-637,-419,2427,219,937,-319
-705,-514,2463,205,845,-330
-741,-687,2691,195,780,-308
-793,-397,2390,176,761,-247
-846,-296,2225,174,694,-236
-846,-325,2323,171,617,-225
-853,-298,2260,145,571,-199
-904,-199,1999,109,529,-168
-948,-28,1795,92,450,-152
-967,115,1711,97,350,-160
-951,187,1612,94,249,-184
-984,-23,1620,68,139,-212
-1002,-245,1756,48,33,-200
-1013,-44,1626,21,-39,-148
-1035,82,1622,-15,-140,-138
-1063,68,1651,-40,-243,-141
-1060,239,1708,-45,-349,-136
-1018,419,1820,-61,-449,-151
-1008,387,1934,-75,-547,-190
-956,288,2210,-72,-643,-219
-883,315,2388,-84,-708,-223
-807,450,2555,-119,-765,-223
-714,663,2642,-152,-808,-237
-674,749,2687,-170,-855,-286
-653,792,2782,-171,-909,-344
-625,824,2925,-172,-965,-402
-591,741,3134,-192,-1014,-461
-550,606,3273,-231,-1038,-502
-525,589,3334,-262,-1053,-526
-492,571,3335,-294,-1076,-567
-470,417,3236,-294,-1103,-608
-403,322,3317,-277,-1154,-636
-348,155,3505,-272,-1202,-665
-278,-13,3639,-277,-1230,-670
-171,66,3872,-258,-1257,-661
-1,161,4248,-257,-1263,-669
-23,610,3856,-360,-1217,-708
57,-540,4721,-328,-1267,-827
32,-251,4588,-237,-1166,-726
83,128,4372,-221,-1144,-737
89,-232,4613,-222,-1164,-814
99,-458,4808,-188,-1148,-819
182,-350,4891,-128,-1123,-810
216,-457,5031,-97,-1106,-832
222,-576,5169,-66,-1068,-829
241,-510,5171,-46,-1020,-815
327,-686,5601,-95,-971,-817
231,-1166,5377,-310,-866,-729
286,-811,5655,-360,-818,-620
351,-940,5575,-387,-723,-640
263,-909,5377,-312,-628,-615
346,-836,5428,-268,-580,-615
333,-1250,5434,-271,-506,-629
298,-1471,5215,-244,-430,-585
314,-1487,5179,-235,-393,-517
331,-1456,5186,-254,-356,-458
322,-1593,5162,-225,-312,-425
337,-1668,5189,-174,-274,-379
393,-1645,5238,-128,-227,-324
376,-1739,5078,-96,-157,-284
347,-1873,4868,-61,-114,-235
331,-1925,4794,-15,-95,-173
311,-1933,4689,26,-77,-103
330,-1937,4719,55,-66,-33
325,-1935,4628,59,-39,44
339,-1783,4510,64,-23,128
383,-1723,4626,89,-18,180
395,-1720,4652,135,16,228
364,-1745,4392,215,90,315
382,-1896,4393,252,102,365
400,-1964,4402,303,117,431
438,-1823,4348,328,136,517
439,-1820,4298,333,149,574
442,-1838,4244,353,162,636
461,-1814,4169,398,172,690
473,-1930,4085,441,178,743
485,-2004,3971,469,189,821
492,-1964,3804,497,192,921
503,-1878,3730,563,175,1002
508,-1789,3629,599,159,1087
513,-1507,3575,572,137,1199
532,-1363,3609,567,117,1267
535,-1081,3493,595,110,1335
565,-703,3473,622,79,1374
602,-451,3623,618,49,1389
614,-295,3769,582,38,1401
599,-220,3815,564,48,1423
639,359,3709,581,63,1450
623,678,3671,553,51,1393
589,531,3688,529,40,1312
568,600,3679,534,28,1285
572,886,3733,523,7,1263
553,1124,3720,464,-3,1219
508,1174,3792,389,-13,1164
540,1395,3906,347,-25,1121
558,1628,3890,311,-17,1051
543,1695,3826,287,-17,949
552,1639,3977,261,-34,856
602,1650,4084,220,-33,791
635,1783,4159,174,-26,722
641,1829,4252,105,-11,632
614,1734,4289,40,13,542
619,1705,4210,7,38,463
590,1583,4143,-11,50,371
537,1316,4050,-39,59,295
496,1233,3952,-61,59,252
453,1173,3830,-80,49,205
450,1008,3826,-76,21,150
496,837,3911,-67,-3,117
515,676,4093,-75,-18,100
553,621,4205,-84,-15,95
553,613,4124,-87,-4,87
571,567,4241,-80,-16,69
616,562,4370,-83,-11,52
632,412,4512,-95,7,26
626,280,4615,-120,50,23
586,334,4356,-136,104,29
519,293,4149,-121,107,6
480,122,4192,-105,93,-23
395,-153,4098,-111,94,-30
321,-190,3926,-104,82,-1
286,-110,3871,-85,57,17
267,-134,3954,-71,29,18
272,-84,3959,-56,20,25
262,-99,3961,-40,10,22
289,-127,4084,-33,1,23
302,-116,4120,-24,12,29
303,-19,3995,2,19,31
290,-38,3972,33,4,12
275,-110,4034,45,-10,7
275,-161,4146,26,-19,22
252,-40,4154,-3,-15,50
257,162,4069,-10,-5,55
247,124,4067,-18,-7,30
264,-5,4193,-33,-7,16
240,1,4067,-48,10,23
224,60,3964,-54,8,24
226,-1,3978,-50,-6,10
240,22,4004,-24,-18,1
257,-28,4038,-23,-28,-5
292,-83,4106,-34,-33,1
320,-69,4169,-34,-30,11
328,-13,4225,-38,-27,18
355,66,4292,-42,-20,17
347,4,4207,-32,0,1
313,-49,4229,-38,5,-1
285,-35,4211,-53,20,7
255,-15,4078,-53,32,7
247,-4,4041,-54,24,1
239,-105,3996,-64,16,-1
252,-137,3987,-62,1,11
284,-52,4033,-51,-13,21
299,-104,4144,-50,-26,16
325,-124,4270,-49,-25,26
340,-5,4269,-60,-7,39
355,50,4240,-67,2,31
333,-23,4202,-50,13,11
325,-26,4244,-43,22,8
287,-37,4155,-45,40,3
245,-29,3969,-37,48,-4
201,-77,3806,-30,35,-10
185,-76,3764,-18,1,-8
203,-146,3871,-27,-30,-7
240,-163,3966,-31,-49,5
326,-76,4180,-18,-60,11
367,-116,4318,-15,-54,9
382,-130,4367,-25,-26,16
382,-57,4300,-33,1,26
368,-13,4278,-35,13,20
337,-88,4249,-37,29,11
337,-88,4249,-37,29,11
315,-42,4151,-32,42,12
297,-31,4047,-38,41,6
279,-16,3978,-37,34,-2


658,1059,6718,130,548,-193
614,564,6758,119,702,-294
536,334,6397,128,864,-316
441,266,5972,121,977,-320
369,203,5760,137,1043,-330
302,234,5666,178,1094,-344
268,163,5644,218,1151,-374
183,-23,5365,234,1222,-386
130,-78,5135,233,1257,-368
100,38,5031,206,1272,-338
108,461,5047,207,1283,-332
95,488,4996,161,1312,-414
49,35,4940,210,1358,-452
20,170,4744,260,1411,-435
-52,103,4359,246,1446,-448
-160,-13,4089,264,1428,-470
-189,91,3919,271,1417,-470
-201,9,3829,255,1402,-497
-244,-349,3757,238,1396,-518
-299,-415,3455,242,1402,-489
-383,-303,3100,249,1381,-465
-453,-383,2968,261,1323,-475
-524,-533,2796,271,1267,-467
-599,-508,2664,253,1202,-434
-683,-508,2448,219,1136,-406
-751,-495,2362,210,1048,-377
-776,-436,2516,207,961,-354
-832,-524,2573,197,915,-333
-841,-699,2776,201,883,-299
-874,-636,2579,195,895,-230
-926,-271,2143,184,873,-171
-978,-224,2064,185,787,-172
-1011,-253,2166,195,705,-164
-1051,-143,2091,194,651,-143
-1081,-93,1963,179,589,-131
-1138,-96,1777,167,517,-125
-1187,-29,1583,162,429,-111
-1207,43,1466,149,325,-102
-1250,9,1370,127,218,-98
-1260,122,1252,128,107,-87
-1244,170,1181,125,-18,-95
-1243,25,1385,107,-152,-104
-1182,256,1325,65,-247,-82
-1202,76,1349,19,-360,-105
-1173,-155,1649,32,-474,-83
-1091,433,1704,47,-553,-25
-1050,545,1905,9,-643,-67
-1083,341,2072,-11,-715,-101
-1032,604,2103,8,-783,-92
-975,744,2344,11,-866,-124
-926,879,2578,-15,-923,-150
-895,1099,2686,-57,-964,-183
-872,1104,2887,-107,-1010,-239
-844,1073,3102,-152,-1035,-288
-793,1123,3183,-190,-1042,-333
-773,1141,3146,-224,-1050,-396
-758,916,3144,-254,-1070,-470
-786,696,3085,-268,-1100,-519
-731,603,3057,-280,-1154,-548
-667,412,3172,-302,-1221,-577
-575,173,3498,-317,-1282,-587
-478,293,3777,-302,-1307,-563
-329,578,4012,-289,-1322,-571
-241,663,4239,-297,-1315,-617
-206,491,4533,-324,-1291,-674
-194,227,4618,-352,-1237,-701
-188,265,4549,-364,-1186,-698
-194,234,4551,-376,-1155,-722
-180,163,4588,-379,-1124,-744
-181,242,4409,-374,-1091,-763
-97,38,4456,-376,-1102,-804
-101,270,4247,-459,-1091,-834
-41,-883,4932,-456,-1134,-913
-71,-744,4903,-364,-1052,-789
0,-406,4899,-340,-1014,-755
-26,-531,4883,-358,-974,-773
-18,-685,4910,-319,-945,-770
58,-649,5031,-255,-923,-755
106,-574,5003,-232,-887,-752
139,-835,5075,-228,-860,-759
204,-973,5300,-204,-819,-720
150,-892,5129,-285,-713,-643
205,-691,4989,-409,-659,-567
171,-947,5088,-415,-634,-598
80,-961,4787,-334,-579,-569
175,-638,4820,-300,-583,-543
215,-1119,5110,-348,-564,-565
195,-1225,5056,-352,-497,-508
230,-966,4906,-323,-449,-459
345,-1108,4950,-312,-427,-463
382,-1398,4999,-290,-389,-450
406,-1614,4971,-259,-352,-412
454,-1758,5105,-225,-321,-357
489,-1782,5135,-177,-267,-297
485,-1971,5095,-140,-214,-246
511,-2093,5129,-101,-170,-164
523,-2058,5208,-67,-117,-74
498,-2005,5009,-40,-52,-1
460,-2030,4883,-13,-18,69
451,-1993,4911,25,1,145
469,-1877,4982,63,34,216
472,-1648,4877,100,86,277
453,-1579,4678,147,123,303
453,-1606,4684,206,136,328
461,-1537,4688,253,163,368
438,-1565,4576,266,197,409
411,-1588,4515,264,223,465
396,-1477,4366,254,247,533
389,-1404,4277,256,253,583
380,-1303,4226,267,263,629
339,-1207,3962,280,277,661
320,-1348,3884,322,253,677
325,-1227,3982,357,234,728
332,-1052,3975,364,241,780
339,-1081,3940,387,250,793
290,-1221,3705,418,263,812
261,-1123,3448,457,242,859
243,-1119,3425,486,193,900
252,-1049,3506,491,148,961
296,-724,3548,492,117,1021
319,-541,3582,465,89,1043
378,-351,3665,400,59,1073
378,-324,3684,393,49,1068
402,-464,3780,408,44,1069
420,-297,3801,416,48,1104
413,-80,3751,409,50,1114
409,44,3784,399,38,1109
407,344,3760,396,25,1107
425,487,3753,369,10,1064
380,415,3704,339,-5,1012
392,272,3790,339,-33,972
406,174,3907,339,-42,960
448,270,3975,333,-35,971
458,590,3934,316,-24,973
411,715,3813,282,-22,932
416,745,3971,280,-52,885
436,926,4059,298,-54,851
422,968,4007,284,-43,792
405,843,4047,258,-43,738
375,865,3978,216,-36,710
340,924,3866,187,-42,678
295,959,3796,184,-65,635
352,1087,4007,191,-100,593
403,1109,4191,187,-101,535
437,1052,4198,160,-77,484
439,1040,4177,113,-61,442
436,944,4183,88,-57,402
500,1075,4043,88,-49,366
450,1128,4084,118,-83,274
443,685,4515,61,-77,224
428,882,4192,45,-10,255
444,1008,4135,37,-11,219
401,784,4181,5,-16,163
377,658,4060,-16,-10,141
317,548,4042,-29,-38,88
312,356,4144,-26,-43,73
311,352,4107,-14,-32,79
342,488,4098,-10,-32,79
337,435,4138,-17,-34,52
349,315,4140,-14,-31,33
378,203,4150,-18,-34,33
417,230,4252,-30,-39,40
443,227,4308,-37,-28,34
439,159,4325,-37,-11,25
408,103,4311,-32,4,23
377,162,4243,-15,19,30
358,238,4185,-11,31,21
284,133,4006,-33,40,5
241,73,3949,-29,24,2
224,29,3945,-17,7,5
216,-6,3998,-27,-7,12
229,25,4055,-33,-17,24
250,68,4049,-24,-24,24
295,89,4150,-11,-35,18
314,56,4261,-10,-33,12
337,43,4295,-16,-17,14
334,102,4232,-19,0,15
327,102,4196,-12,3,4
316,46,4229,-15,3,-3
301,-1,4243,-39,18,2
278,70,4172,-42,37,12
214,-5,3995,-36,33,-9
207,-19,3995,-29,23,0
214,37,3958,-29,14,4
226,17,3984,-18,2,-2
234,23,4031,-8,-3,-2
259,6,4051,-18,-9,-1
271,19,4041,-30,-13,3
288,49,4074,-33,-18,6
286,43,4108,-34,-17,7
297,108,4081,-30,-15,5
288,-1,4109,-27,-21,-8
296,-51,4171,-30,-22,-2
309,0,4159,-22,-16,6
318,45,4167,-19,-13,6
303,28,4190,-18,-5,2
294,53,4130,-10,2,1
275,38,4076,-6,0,-7
255,-40,4086,-15,-6,-6
274,81,4159,-30,10,18


569,1245,6564,14,507,-282
545,926,6572,0,620,-382
520,629,6451,10,741,-426
526,632,6234,31,848,-442
574,671,6309,62,927,-481
568,501,6260,120,1034,-538
529,427,6068,163,1144,-571
467,303,5765,173,1240,-591
395,182,5512,165,1308,-593
378,198,5331,154,1363,-585
337,163,5112,137,1411,-585
314,106,4976,125,1448,-587
284,45,4745,105,1494,-587
130,-252,4272,59,1518,-621
58,-105,4110,100,1522,-589
28,93,3990,74,1514,-592
-131,-267,3750,51,1518,-627
-214,-293,3501,108,1503,-612
-280,-158,3123,125,1481,-614
-411,-482,2802,98,1429,-645
-530,-747,2621,116,1354,-629
-616,-701,2428,160,1275,-585
-701,-711,2348,170,1190,-553
-768,-697,2258,159,1110,-513
-796,-747,2301,160,1027,-483
-853,-884,2303,165,972,-438
-947,-440,1785,161,843,-348
-997,-589,1838,160,741,-337
-1026,-450,1798,172,661,-287
-1037,-204,1673,162,582,-251
-1097,-176,1532,143,487,-249
-1127,-155,1431,141,378,-242
-1134,-110,1385,136,264,-230
-1140,-69,1443,126,149,-226
-1170,-55,1399,98,48,-219
-1148,42,1324,67,-54,-212
-1181,-303,1395,42,-167,-226
-1166,-239,1458,45,-272,-172
-1098,294,1469,37,-378,-132
-1062,402,1623,8,-490,-173
-1028,344,1791,5,-591,-210
-970,387,1929,0,-681,-226
-918,541,2070,-38,-761,-242
-896,544,2216,-95,-835,-276
-849,553,2284,-115,-896,-308
-790,668,2280,-129,-957,-339
-742,706,2266,-144,-1034,-392
-700,612,2468,-154,-1128,-447
-648,672,2620,-167,-1196,-482
-630,588,2747,-190,-1262,-531
-562,282,3203,-229,-1322,-568
-488,377,3179,-288,-1331,-541
-418,648,3210,-288,-1376,-555
-320,709,3433,-302,-1444,-622
-209,572,3703,-317,-1491,-685
-97,346,4116,-329,-1518,-736
-13,212,4397,-355,-1495,-755
35,236,4363,-345,-1452,-773
154,361,4554,-377,-1399,-801
221,-363,4674,-411,-1381,-892
202,-502,4961,-325,-1341,-833
265,20,4902,-308,-1286,-804
267,-176,5041,-328,-1248,-863
237,-407,5062,-305,-1198,-885
282,-492,5116,-248,-1150,-894
287,-708,5130,-200,-1112,-907
325,-892,5323,-178,-1079,-892
358,-957,5535,-153,-1028,-865
420,-1123,5926,-158,-935,-836
307,-1609,5557,-276,-785,-727
448,-1288,5763,-305,-735,-592
336,-1508,5547,-310,-646,-571
397,-1324,5587,-268,-614,-494
496,-1247,5852,-236,-564,-468
503,-1635,5965,-239,-478,-459
509,-1790,5938,-190,-381,-404
499,-1915,5840,-148,-294,-344
518,-2137,5935,-114,-223,-284
503,-2104,5710,-67,-124,-200
442,-2254,5513,-25,-59,-140
430,-2375,5500,24,-20,-56
424,-2286,5449,58,35,49
390,-2168,5229,67,96,143
357,-2045,5073,105,129,223
384,-1921,5008,165,156,288
375,-1871,4844,200,199,344
336,-1877,4674,224,234,404
320,-1821,4515,252,260,473
309,-1720,4304,274,284,540
303,-1630,4085,297,292,594
286,-1668,3898,331,289,633
280,-1700,3797,384,276,683
296,-1617,3638,429,263,745
313,-1707,3548,451,237,795
335,-1791,3567,465,213,869
420,-1424,3528,464,175,1076
421,-1177,3432,473,156,1131
424,-1061,3333,496,126,1162
427,-1028,3404,523,84,1189
474,-874,3480,529,58,1225
487,-682,3516,530,45,1253
507,-620,3737,524,31,1269
513,-349,3774,530,49,1313
532,123,3607,509,67,1328
484,137,3488,456,46,1282
487,119,3591,438,3,1257
519,297,3688,436,-17,1251
518,369,3792,431,-33,1234
537,715,3850,417,-40,1232
565,1205,3912,371,-50,1197
530,1241,4038,304,-57,1107
508,1223,4142,267,-48,1037
506,1432,4203,249,-27,987
468,1556,4116,211,2,915
453,1619,4043,163,15,839
439,1699,3942,113,12,763
420,1625,3921,86,-4,671
410,1442,3926,77,-25,584
439,1237,4040,55,-50,517
455,989,4055,12,-52,473
468,816,4064,-13,-57,451
473,763,4077,-7,-56,434
458,761,4145,6,-56,415
473,949,4164,30,-47,392
456,951,4060,42,-35,331
443,703,4123,62,-41,273
473,574,4236,82,-37,254
486,530,4181,80,-21,246
459,577,4049,68,-18,241
441,545,4074,62,-42,224
438,537,4219,59,-60,216
458,714,4330,61,-61,207
442,785,4369,57,-52,170
451,742,4464,48,-37,127
458,637,4497,30,-6,86
428,443,4504,-14,25,65
393,412,4377,-23,64,61
376,377,4241,-5,84,38
334,201,4067,-15,92,15
283,43,3997,-24,78,13
280,47,3936,-5,58,25
323,113,3984,13,31,25
310,82,4046,0,24,15
330,140,3892,61,0,15
283,16,4069,53,-30,-21
272,-234,4198,14,-11,0
292,1,4180,25,14,53
291,211,4031,24,32,54
253,113,3999,5,24,28
232,18,4031,-2,17,26
228,73,3961,-11,14,39
218,161,3903,-18,0,43
205,155,3950,-22,-16,29
226,89,4002,-17,-27,17
264,68,4097,-18,-34,19
286,62,4129,-34,-29,23
305,111,4173,-32,-26,23
311,106,4212,-20,-19,12
316,97,4245,-26,-6,7
279,58,4119,-27,9,1
241,-12,4017,-22,3,-2
241,13,4043,-29,-23,18
241,36,4067,-22,-29,19
268,19,4130,-13,-34,18
307,0,4201,-11,-25,20
314,3,4195,-19,-9,27
311,62,4140,-22,-1,35
309,125,4129,-10,-1,29
290,147,4133,0,-2,11
283,95,4158,5,-2,-3
277,-23,4190,1,0,-7
278,-44,4160,-11,7,10
285,70,4081,-27,9,27
286,109,4073,-30,1,23
296,38,4144,-20,-2,15
299,30,4120,-14,3,18
282,123,4049,-14,9,18
262,111,3962,-9,5,3
255,8,3976,0,-7,-6
273,-42,4090,-6,-17,2
282,25,4113,-21,-10,18
298,109,4101,-29,-3,18
305,104,4077,-23,0,4
312,-13,4069,-17,-4,-9
303,-31,4100,-23,-7,0
303,-10,4077,-33,-9,10
311,53,4188,-19,-13,6
299,44,4143,-18,-2,6
285,95,4107,-15,0,3
287,102,4130,-14,-1,-4
277,92,4134,-12,-1,-13
268,96,4128,-12,1,-18
268,74,4078,-20,7,-21
263,-9,4073,-31,7,-23
262,-56,4024,-32,8,-18
264,-31,3942,-16,0,-12
272,-90,4004,-1,-18,-14
295,-117,4180,4,-28,-5
311,-39,4150,-1,-10,12
297,5,4134,9,-10,12


911,1034,7758,124,534,-253
980,1345,7734,81,722,-318
918,840,7693,105,920,-444
829,595,7209,172,1134,-490
569,189,6170,219,1405,-553
419,48,5769,237,1474,-536
354,281,5541,279,1505,-505
327,441,5466,301,1526,-521
329,530,5306,287,1570,-557
237,-31,4856,251,1631,-610
198,138,4474,269,1647,-578
189,169,4286,272,1625,-599
132,180,3996,260,1606,-624
66,-98,3840,267,1566,-667
49,-269,3832,299,1533,-671
20,-420,3920,319,1526,-665
-16,-555,3797,302,1565,-635
-106,-422,3266,296,1612,-592
-206,-424,2848,303,1602,-587
-334,-557,2451,297,1565,-583
-469,-724,2099,297,1492,-560
-595,-725,1828,316,1392,-510
-712,-513,1564,340,1277,-461
-821,-290,1429,364,1140,-434
-909,-164,1240,325,995,-433
-998,-313,1177,280,834,-436
-1041,-444,1282,267,682,-410
-1007,-564,1664,265,554,-370
-971,-769,2360,245,499,-309
-988,-457,2223,203,565,-187
-1003,59,1486,184,587,-123
-1038,41,1354,166,486,-149
-1053,16,1279,180,383,-146
-1052,194,1289,204,269,-142
-1079,196,1362,191,163,-164
-1177,-22,1265,171,73,-176
-1229,-40,1184,154,-38,-146
-1262,80,1133,120,-160,-120
-1299,125,1083,80,-288,-109
-1305,75,1121,59,-434,-102
-1259,-40,1529,46,-584,-91
-1192,138,1780,14,-679,-45
-1122,533,1880,-11,-760,-30
-1085,521,2185,-30,-845,-72
-1023,555,2450,-21,-892,-93
-953,731,2483,-27,-909,-111
-906,659,2449,-72,-936,-156
-903,481,2414,-123,-975,-190
-927,397,2330,-138,-1024,-203
-912,431,2226,-127,-1094,-209
-901,416,2228,-109,-1193,-224
-849,470,2461,-102,-1300,-225
-774,701,2636,-140,-1380,-219
-728,667,2783,-197,-1451,-251
-660,579,3172,-235,-1517,-271
-582,615,3448,-276,-1534,-279
-529,560,3562,-303,-1537,-306
-366,625,3787,-277,-1546,-322
-198,782,4074,-276,-1580,-353
-73,844,4323,-301,-1585,-391
0,783,4653,-344,-1579,-443
75,466,5193,-380,-1546,-495
160,362,5568,-416,-1445,-499
187,345,5628,-456,-1308,-509
166,68,5494,-487,-1178,-539
155,-20,5145,-473,-1084,-536
156,-91,5048,-443,-1053,-550
187,-125,5438,-453,-1015,-554
167,-342,5061,-500,-952,-591
146,-870,5345,-392,-950,-578
198,-445,5288,-279,-915,-518
223,-538,5619,-221,-897,-547
229,-941,5864,-192,-832,-549
238,-1272,5902,-158,-741,-490
303,-1012,5771,-116,-654,-393
331,-703,5549,-103,-595,-357
339,-1073,5762,-63,-572,-377
432,-1257,6070,25,-505,-337
347,-1457,5782,-47,-360,-238
394,-1470,5894,-110,-293,-125
363,-1359,5577,-78,-201,-54
346,-1131,5332,-38,-154,7
383,-1014,5472,-2,-128,37
344,-1183,5357,14,-62,58
300,-1309,5207,52,-7,103
307,-1199,5020,74,36,165
280,-1152,4734,84,68,209
270,-1171,4652,127,65,242
313,-1243,4774,183,71,275
339,-1330,4738,218,114,326
337,-1266,4505,224,156,399
343,-1175,4380,221,168,464
340,-1105,4299,224,175,520
319,-1056,4206,230,182,570
334,-1084,4173,255,182,611
324,-957,4117,302,183,654
315,-925,4008,324,186,679
310,-968,3948,361,175,702
311,-958,3949,406,160,740
324,-948,3925,440,157,797
306,-532,3610,506,148,843
358,-614,3985,506,70,826
391,-684,4185,381,111,903
391,-444,3905,335,152,977
471,-123,3946,323,146,1002
435,-40,3769,318,152,991
405,7,3813,349,122,976
409,24,3954,353,110,971
370,99,3828,354,124,977
398,273,3787,359,115,972
371,300,3813,322,103,960
355,327,3738,324,102,951
359,399,3775,316,92,934
335,490,3709,321,87,923
309,594,3514,329,77,912
304,791,3436,329,38,888
283,746,3522,327,-18,837
335,715,3628,450,-82,794
450,1052,4228,388,-97,814
467,1264,4119,276,-32,799
516,1590,4255,275,-16,749
529,1726,4137,261,24,651
476,1290,4116,172,33,550
496,1091,4330,138,39,521
478,1163,4094,87,81,513
433,1224,3875,52,83,478
405,1262,3873,38,56,430
406,1319,3931,26,35,381
381,1265,3848,6,31,323
365,1168,3769,-4,16,279
415,1200,3846,-4,-11,246
449,1200,3888,-13,-27,199
477,1082,3960,-14,-37,149
483,943,4055,-18,-35,112
518,806,4077,-38,-18,79
506,784,4061,-38,-7,59
473,731,4031,-38,0,38
445,660,3879,-43,1,24
432,500,4021,-46,-19,10
419,413,4091,-60,-14,19
380,463,3962,-67,-3,33
344,442,4005,-65,-12,24
322,402,3982,-64,-10,20
293,423,3870,-59,-17,19
295,365,3905,-50,-42,7
304,284,4022,-48,-60,9
320,286,4098,-44,-60,15
354,355,4131,-23,-57,15
400,292,4259,-5,-50,-3
405,302,4160,-21,-19,0
348,353,4014,-31,-11,-4
354,307,3981,3,-34,-17
361,312,4001,27,-55,-23
385,280,4009,29,-76,-33
341,394,4122,17,-104,-47
303,153,4298,-42,-88,-49
277,147,4203,-44,-53,-6
315,411,4191,-42,-36,24
311,396,4166,-61,-22,7
342,371,4288,-66,-14,-9
325,558,4150,-42,6,-34
313,370,4183,-50,11,-82
283,118,4210,-30,19,-88
300,173,4161,-5,32,-56
304,270,4012,-25,35,-36
297,187,3989,-61,11,-32
303,204,4002,-75,-8,-12
306,275,4074,-77,-33,-5
330,210,4318,-72,-51,-13
314,143,4326,-71,-1,0
309,158,4247,-68,15,5
297,185,4191,-63,20,5
302,161,4205,-47,15,0
307,121,4252,-34,12,2
305,136,4220,-42,20,14
296,137,4218,-49,22,23
307,222,4256,-42,28,30
277,240,4081,-44,39,26
249,199,3998,-43,23,19
252,245,3969,-77,3,30
301,220,4122,-53,-11,18
275,134,4187,-18,-2,6
300,139,4205,-9,14,17
308,135,4091,-14,34,22
313,95,4053,-25,31,29
332,129,4090,-29,25,40
325,186,4033,-23,26,43
329,158,4064,-10,20,33
318,117,4044,0,21,33
313,182,4018,2,19,40
319,230,4016,0,15,39
308,208,4025,0,13,31
305,227,4078,0,11,35
301,287,4071,0,17,36
278,280,3990,-8,19,29
273,230,3946,-15,12,24
277,214,3936,-21,-1,26
284,223,3988,-29,-17,29
295,260,4032,-29,-25,31
313,254,4088,-18,-29,24


731,1167,6452,21,514,-356
731,1328,6348,28,639,-398
665,1162,6215,16,753,-474
578,935,6015,30,860,-526
504,792,5697,15,953,-550
417,545,5319,7,1012,-574
369,356,5239,30,1021,-580
370,339,5206,60,1040,-570
373,339,5157,72,1066,-566
363,274,5188,89,1096,-574
336,455,4994,104,1148,-575
313,363,4898,39,1175,-629
241,-41,4784,97,1222,-633
225,39,4656,167,1257,-605
180,4,4424,177,1288,-606
95,22,4170,191,1303,-607
7,31,3976,219,1291,-618
-81,4,3822,241,1270,-639
-145,-105,3727,253,1240,-653
-249,-207,3662,229,1215,-645
-332,-197,3587,227,1193,-613
-399,-47,3361,231,1177,-592
-461,-179,3318,220,1136,-600
-500,-476,3687,239,1105,-594
-533,-411,3596,241,1149,-523
-594,-52,3022,207,1178,-469
-713,-182,2697,174,1122,-485
-786,-245,2694,185,1030,-468
-798,-65,2804,190,956,-441
-877,-212,2787,164,912,-446
-975,-430,2671,150,874,-425
-1012,-324,2524,158,822,-372
-1064,-277,2405,152,756,-346
-1123,-358,2348,152,682,-325
-1167,-203,2211,149,607,-278
-1224,72,2052,132,513,-255
-1213,91,2160,109,400,-277
-1249,-418,2440,126,314,-295
-1204,-381,2912,180,278,-220
-1152,198,2777,151,324,-144
-1242,324,2226,78,337,-159
-1335,177,1927,84,261,-189
-1319,260,1852,140,149,-196
-1294,157,2021,146,33,-220
-1275,51,2236,109,-111,-167
-1241,280,2234,102,-170,-152
-1242,183,2243,88,-239,-166
-1184,164,2485,66,-315,-153
-1104,309,2615,25,-359,-126
-1059,614,2652,-12,-454,-131
-1026,595,2728,-17,-505,-174
-992,522,2831,-8,-554,-205
-939,422,3055,-12,-591,-221
-926,455,3083,-49,-593,-213
-927,545,2947,-89,-599,-214
-942,443,2888,-100,-631,-235
-920,447,2932,-98,-672,-240
-901,403,2902,-110,-701,-251
-894,397,2844,-125,-735,-251
-895,525,2767,-132,-778,-254
-906,418,2706,-126,-836,-286
-858,314,2897,-120,-910,-298
-832,416,2927,-139,-952,-288
-816,490,2921,-147,-1008,-289
-763,574,3177,-151,-1079,-302
-719,671,3346,-167,-1112,-314
-672,718,3421,-177,-1150,-347
-557,548,3731,-202,-1194,-396
-492,351,3995,-235,-1196,-419
-466,344,3971,-255,-1172,-415
-384,440,4041,-247,-1173,-423
-315,292,4260,-237,-1173,-459
-297,109,4391,-241,-1152,-463
-253,293,4407,-237,-1124,-438
-215,411,4393,-268,-1105,-461
-210,143,4504,-299,-1100,-508
-204,-167,4659,-292,-1081,-526
-203,-386,4611,-275,-1044,-512
-181,-384,4418,-257,-1027,-482
-139,-445,4516,-246,-1057,-468
5,-446,4980,-236,-1079,-446
55,-363,5074,-275,-1015,-440
118,-936,5668,-276,-965,-427
116,-574,5266,-227,-836,-335
125,-576,5234,-194,-794,-347
88,-927,5358,-190,-740,-340
141,-888,5365,-190,-672,-267
162,-1077,5466,-88,-592,-255
189,-875,5435,-38,-529,-187
220,-912,5439,-58,-484,-159
246,-881,5415,-59,-442,-120
267,-1056,5611,-66,-403,-99
233,-1074,5450,-11,-324,-32
333,-626,5328,37,-272,21
319,-949,5339,17,-226,4
306,-1119,5267,31,-173,58
345,-874,5196,65,-122,131
374,-714,5155,86,-71,160
361,-775,5022,109,-20,167
360,-888,4932,139,17,194
357,-806,4797,153,55,242
324,-770,4635,153,81,275
321,-759,4650,181,95,302
336,-696,4650,215,124,329
322,-672,4452,215,163,353
301,-686,4238,215,179,379
287,-704,4126,230,173,406
293,-735,4168,245,160,438
305,-780,4124,266,175,524
292,-568,3927,301,185,573
303,-283,3795,330,167,587
295,-426,3939,358,136,561
307,-569,4037,384,130,579
330,-478,4055,375,134,636
314,-488,4111,342,141,683
322,-170,4009,338,156,742
345,228,3927,335,155,746
329,-32,3992,324,146,692
305,-193,3892,346,151,692
317,-141,3756,347,144,717
306,-309,3721,310,121,732
287,-524,3804,301,105,766
290,-411,3756,322,103,837
285,-75,3654,337,94,896
261,12,3711,356,68,908
290,350,3807,375,45,934
308,626,3959,336,36,926
277,650,3959,303,49,895
280,760,3919,296,48,831
294,701,3885,272,46,805
297,731,3949,259,33,789
349,811,4056,251,20,775
395,904,4070,232,26,757
421,1012,4035,221,27,725
474,929,4220,211,23,679
503,778,4245,200,55,650
483,753,4075,189,88,642
452,852,3970,195,95,630
395,857,3975,212,87,600
389,974,4002,223,84,579
334,1021,3810,208,84,545
288,843,3862,188,48,506
317,649,4083,180,23,496
327,725,4024,164,35,520
340,888,4014,158,28,526
408,1037,4275,170,15,512
465,1425,4393,178,40,488
443,1626,4228,150,77,404
342,1151,4151,118,84,294
277,872,4185,113,88,270
194,992,3924,66,104,261
156,907,3957,66,88,237
145,1088,3827,69,83,225
149,1100,3756,48,57,178
142,837,3843,41,19,128
163,725,3959,42,0,122
198,820,4054,19,-3,126
199,824,4044,-8,4,110
215,749,4097,-20,7,94
247,682,4174,-34,19,86
273,627,4258,-57,39,83
284,653,4269,-63,72,84
277,740,4059,-53,102,69
209,526,3914,-58,99,31
182,339,3898,-50,79,27
153,342,3835,-52,64,49
115,326,3864,-62,34,65
107,411,3932,-61,13,82
126,504,4072,-49,6,75
138,427,4123,-57,11,72
162,399,4182,-54,17,79
172,512,4162,-61,33,93
167,633,4095,-71,41,87
140,510,4074,-60,38,57
136,419,4065,-45,29,50
147,473,4089,-46,21,57
119,480,3967,-38,17,46
118,347,4056,-31,-6,32
126,370,4089,-24,-15,46
128,506,4010,-19,-21,58
153,474,4138,-11,-45,44
176,358,4339,-8,-43,40
186,439,4316,-19,-14,60
195,538,4232,-30,2,64
216,530,4224,-21,8,48
231,581,4234,-8,11,38
231,515,4259,-2,17,15
200,457,4197,-11,30,6
167,424,4121,-22,35,6
153,389,4087,-25,32,7
135,405,4037,-19,31,7
140,356,4016,-6,22,1
160,377,4069,6,12,1
176,379,4144,4,10,0
173,364,4105,-7,17,0
181,400,4115,-2,18,5
202,444,4122,8,17,2
207,377,4180,4,19,-8
212,332,4228,-4,33,0
217,480,4143,-5,56,10


